Help,0.0,0.0,-0.16129884123802185,-0.07475278526544571,-0.2750902771949768,-0.23023481667041779,-0.31700167059898376,-0.36136069893836975,-0.31369224190711975,-0.4376104176044464,-0.2601145803928375,-0.39700451493263245,-0.3955034613609314,-0.6207375526428223,-0.48070138692855835,-0.7861420512199402,-0.5454845428466797,-0.930392324924469,-0.11957447230815887,-0.4457329213619232,-0.15217430889606476,-0.6299745440483093,-0.13079965114593506,-0.48950091004371643,-0.1173269972205162,-0.3626340925693512,0.01931496523320675,-0.4548768401145935,0.015835950151085854,-0.5935274362564087,0.008540695533156395,-0.4630517363548279,-0.002939492929726839,-0.35981881618499756,0.14982903003692627,-0.4480631947517395,0.1893758922815323,-0.7093350291252136,0.22212210297584534,-0.8655461072921753,0.2408168762922287,-1.0
Help,0.0,0.0,-0.1508343368768692,-0.07735522836446762,-0.26738089323043823,-0.2720514237880707,-0.2643926739692688,-0.4853969216346741,-0.21664737164974213,-0.6414720416069031,-0.32000207901000977,-0.4733521342277527,-0.4387311637401581,-0.639279842376709,-0.5086194276809692,-0.7612730860710144,-0.5580021142959595,-0.8691936135292053,-0.22159530222415924,-0.5285388231277466,-0.24135145545005798,-0.7519310712814331,-0.22318236529827118,-0.6281076073646545,-0.21370762586593628,-0.508208155632019,-0.11768283694982529,-0.5378060936927795,-0.12139660865068436,-0.671470582485199,-0.1263212263584137,-0.5392422676086426,-0.1292404681444168,-0.4317682683467865,-0.015304174274206161,-0.5220966935157776,0.022010572254657745,-0.7261199355125427,0.051709454506635666,-0.8697314262390137,0.06940095871686935,-1.0
Help,0.0,0.0,-0.15356798470020294,-0.11091472208499908,-0.25514304637908936,-0.3111150562763214,-0.23065759241580963,-0.5259053707122803,-0.16394522786140442,-0.6707111597061157,-0.3151814937591553,-0.5001304745674133,-0.43088483810424805,-0.6583539247512817,-0.49567973613739014,-0.7616569995880127,-0.5471481680870056,-0.8591288924217224,-0.21644766628742218,-0.5535884499549866,-0.2427367866039276,-0.7644799947738647,-0.21775846183300018,-0.6419582962989807,-0.20731839537620544,-0.5403135418891907,-0.11058453470468521,-0.56482994556427,-0.10549462586641312,-0.6930697560310364,-0.11103437840938568,-0.5373249053955078,-0.12375501543283463,-0.4256814122200012,-0.007994110696017742,-0.5437411069869995,0.02129892073571682,-0.7420957684516907,0.051742494106292725,-0.8715417981147766,0.06650666892528534,-1.0
Help,0.0,0.0,-0.150205597281456,-0.11417564749717712,-0.2520548105239868,-0.31620386242866516,-0.232126846909523,-0.5429487228393555,-0.164565309882164,-0.7098290324211121,-0.33718159794807434,-0.5167718529701233,-0.4353639781475067,-0.6614293456077576,-0.49527737498283386,-0.7705002427101135,-0.5385544300079346,-0.8681537508964539,-0.23031936585903168,-0.5638369917869568,-0.2377166897058487,-0.7967279553413391,-0.2251734435558319,-0.6662271022796631,-0.22538679838180542,-0.5544286966323853,-0.12094207853078842,-0.5691608786582947,-0.11211365461349487,-0.6915044784545898,-0.1180746853351593,-0.5433104634284973,-0.1235891655087471,-0.4374466836452484,-0.01608516462147236,-0.5412683486938477,0.01443392038345337,-0.7448415756225586,0.04401788488030434,-0.8741284012794495,0.059276629239320755,-1.0
Help,0.0,0.0,-0.15445953607559204,-0.11091897636651993,-0.253781795501709,-0.31599119305610657,-0.2261589914560318,-0.5373122692108154,-0.15655256807804108,-0.6945427060127258,-0.3247193694114685,-0.5035400986671448,-0.41596442461013794,-0.6610780954360962,-0.46923837065696716,-0.770542562007904,-0.506945788860321,-0.8724803328514099,-0.22003060579299927,-0.5461131930351257,-0.22329898178577423,-0.7692312002182007,-0.21112914383411407,-0.638940691947937,-0.21066798269748688,-0.5272881388664246,-0.11456114798784256,-0.5544684529304504,-0.09125909209251404,-0.665268063545227,-0.10536646842956543,-0.5014988780021667,-0.11902236193418503,-0.387062132358551,-0.012860573828220367,-0.5358829498291016,0.027424046769738197,-0.732534646987915,0.06199703738093376,-0.8689216375350952,0.08460734039545059,-1.0
Help,0.0,0.0,-0.1603759229183197,-0.11519722640514374,-0.2605822682380676,-0.32820993661880493,-0.238109290599823,-0.5504438877105713,-0.17095205187797546,-0.7131375670433044,-0.33034077286720276,-0.5188469290733337,-0.4192408621311188,-0.671691358089447,-0.4715518355369568,-0.7728152871131897,-0.504949688911438,-0.8770989775657654,-0.22909532487392426,-0.5619795918464661,-0.21755903959274292,-0.7690481543540955,-0.20093049108982086,-0.6158178448677063,-0.19673515856266022,-0.5015249848365784,-0.12384160608053207,-0.5704967975616455,-0.08644326031208038,-0.6783818602561951,-0.09872515499591827,-0.5070481896400452,-0.11402682214975357,-0.3939366042613983,-0.020840317010879517,-0.5547903776168823,0.0165970791131258,-0.7445948123931885,0.05252823606133461,-0.8711386322975159,0.07729913294315338,-1.0
Help,0.0,0.0,-0.15769784152507782,-0.10029873996973038,-0.2526344060897827,-0.32799649238586426,-0.22737839818000793,-0.5588558316230774,-0.16729208827018738,-0.7199384570121765,-0.31044942140579224,-0.5193567276000977,-0.3998892307281494,-0.6828055381774902,-0.4436350166797638,-0.7864328026771545,-0.46607598662376404,-0.8871152997016907,-0.20997779071331024,-0.55716872215271,-0.19994542002677917,-0.7832141518592834,-0.19189070165157318,-0.642046332359314,-0.1892271190881729,-0.521403968334198,-0.10658381879329681,-0.5629575848579407,-0.0810835212469101,-0.6914272308349609,-0.10943476855754852,-0.528012752532959,-0.13107053935527802,-0.40691933035850525,-0.009055351838469505,-0.5467729568481445,0.026411959901452065,-0.73626309633255,0.05964101478457451,-0.8681156635284424,0.08314818888902664,-1.0
Help,0.0,0.0,-0.15662452578544617,-0.11047934740781784,-0.25027772784233093,-0.3324010372161865,-0.2219439446926117,-0.5595507621765137,-0.1505371481180191,-0.713997483253479,-0.2974550127983093,-0.513577401638031,-0.383598268032074,-0.6742903590202332,-0.4274728000164032,-0.781426191329956,-0.45404526591300964,-0.8856090307235718,-0.20156104862689972,-0.5512505769729614,-0.20481660962104797,-0.7561256885528564,-0.19236835837364197,-0.6141308546066284,-0.18205639719963074,-0.49210432171821594,-0.09952094405889511,-0.5587171912193298,-0.08515072613954544,-0.6732562780380249,-0.11060706526041031,-0.5247787833213806,-0.12859152257442474,-0.4118022322654724,-0.00447638938203454,-0.5458081364631653,0.03347073122859001,-0.7360074520111084,0.0700930804014206,-0.8711322546005249,0.09673528373241425,-1.0
Help,0.0,0.0,-0.15662452578544617,-0.11047934740781784,-0.25027772784233093,-0.3324010372161865,-0.2219439446926117,-0.5595507621765137,-0.1505371481180191,-0.713997483253479,-0.2974550127983093,-0.513577401638031,-0.383598268032074,-0.6742903590202332,-0.4274728000164032,-0.781426191329956,-0.45404526591300964,-0.8856090307235718,-0.20156104862689972,-0.5512505769729614,-0.20481660962104797,-0.7561256885528564,-0.19236835837364197,-0.6141308546066284,-0.18205639719963074,-0.49210432171821594,-0.09952094405889511,-0.5587171912193298,-0.08515072613954544,-0.6732562780380249,-0.11060706526041031,-0.5247787833213806,-0.12859152257442474,-0.4118022322654724,-0.00447638938203454,-0.5458081364631653,0.03347073122859001,-0.7360074520111084,0.0700930804014206,-0.8711322546005249,0.09673528373241425,-1.0
Help,0.0,0.0,-0.1566084623336792,-0.10140857100486755,-0.2603415548801422,-0.30727702379226685,-0.24350295960903168,-0.530756950378418,-0.17354992032051086,-0.6903244256973267,-0.29449519515037537,-0.5030282735824585,-0.3708610236644745,-0.6839098334312439,-0.4094043970108032,-0.7918781638145447,-0.4300858676433563,-0.8977174162864685,-0.19663190841674805,-0.5396036505699158,-0.19923867285251617,-0.7525593042373657,-0.19531574845314026,-0.6177147626876831,-0.19163066148757935,-0.4990274906158447,-0.09562762826681137,-0.5473352074623108,-0.08538508415222168,-0.6812970638275146,-0.12361548095941544,-0.5310350060462952,-0.1486678123474121,-0.4149961769580841,0.0008960400009527802,-0.5357583165168762,0.037390995770692825,-0.7291494011878967,0.07344556599855423,-0.8679445385932922,0.10269515216350555,-1.0
Help,0.0,0.0,-0.1557270735502243,-0.09627145528793335,-0.2605847716331482,-0.30309417843818665,-0.2471078336238861,-0.5251032710075378,-0.18544858694076538,-0.6889938116073608,-0.298448771238327,-0.512094259262085,-0.3736424446105957,-0.7023381590843201,-0.4085841476917267,-0.8181120753288269,-0.4233929514884949,-0.9296629428863525,-0.19809411466121674,-0.5474452972412109,-0.19864065945148468,-0.7739330530166626,-0.19652877748012543,-0.6370365023612976,-0.1937839388847351,-0.5114837884902954,-0.09575848281383514,-0.5498918294906616,-0.08421175181865692,-0.6775593757629395,-0.11957146972417831,-0.5301828980445862,-0.14335677027702332,-0.4183984100818634,0.0006438701529987156,-0.535132884979248,0.03854690119624138,-0.7310596108436584,0.07602786272764206,-0.8697460889816284,0.10724913328886032,-1.0
Help,0.0,0.0,-0.15043962001800537,-0.10970408469438553,-0.25174155831336975,-0.3176209330558777,-0.23705323040485382,-0.5355938673019409,-0.16847680509090424,-0.6863241195678711,-0.27597513794898987,-0.5393718481063843,-0.3212469518184662,-0.7544624209403992,-0.3356032967567444,-0.8775638341903687,-0.3335806727409363,-0.9977226853370667,-0.1751853972673416,-0.5649035573005676,-0.1765618771314621,-0.7705550789833069,-0.17882244288921356,-0.613697350025177,-0.18073782324790955,-0.4842444360256195,-0.07376919686794281,-0.5626659989356995,-0.0663052424788475,-0.6889772415161133,-0.09598949551582336,-0.5291395783424377,-0.11877720803022385,-0.41445595026016235,0.019130293279886246,-0.5433327555656433,0.054057031869888306,-0.7394657731056213,0.09089047461748123,-0.8710582256317139,0.12243283540010452,-1.0
Help,0.0,0.0,-0.14430269598960876,-0.10138311982154846,-0.2417340874671936,-0.29427263140678406,-0.23808827996253967,-0.49221277236938477,-0.18510696291923523,-0.6387583017349243,-0.2644403278827667,-0.5492327809333801,-0.29124969244003296,-0.7593908905982971,-0.28985971212387085,-0.884691596031189,-0.2768573462963104,-1.0,-0.17137812077999115,-0.560204267501831,-0.1745976358652115,-0.7285886406898499,-0.1761368364095688,-0.5792632699012756,-0.17956385016441345,-0.4632132947444916,-0.07778197526931763,-0.5479575991630554,-0.08343403041362762,-0.6506887674331665,-0.1084938570857048,-0.5026305317878723,-0.1274961233139038,-0.40428659319877625,0.010812639258801937,-0.5242978930473328,0.04159671068191528,-0.7112773656845093,0.06983789056539536,-0.8305168151855469,0.09223964065313339,-0.9504311680793762
Help,0.0,0.0,-0.13390536606311798,-0.09111881256103516,-0.22137385606765747,-0.29209956526756287,-0.21179866790771484,-0.49041590094566345,-0.14582733809947968,-0.6217569708824158,-0.23696544766426086,-0.5425228476524353,-0.25548726320266724,-0.7555921673774719,-0.25066280364990234,-0.8829679489135742,-0.23486995697021484,-1.0,-0.1466681957244873,-0.5489856600761414,-0.1479223370552063,-0.7292979955673218,-0.1556437760591507,-0.5940560698509216,-0.1654214709997177,-0.4812958836555481,-0.05742156505584717,-0.5304253697395325,-0.06343220174312592,-0.6395635604858398,-0.09251639246940613,-0.4906361997127533,-0.11585978418588638,-0.3937256932258606,0.025309735909104347,-0.503769040107727,0.0518905371427536,-0.6904483437538147,0.0772324949502945,-0.8094456195831299,0.09622137993574142,-0.9305068254470825
Help,0.0,0.0,-0.1335844248533249,-0.09958487004041672,-0.21363526582717896,-0.3007301092147827,-0.20055949687957764,-0.4952678978443146,-0.13781359791755676,-0.6250390410423279,-0.22757014632225037,-0.5483430027961731,-0.23974597454071045,-0.7628982663154602,-0.23369143903255463,-0.8841896653175354,-0.21955376863479614,-1.0,-0.13796977698802948,-0.5536274909973145,-0.13633885979652405,-0.7137027382850647,-0.1401253193616867,-0.5708999633789062,-0.14953957498073578,-0.4687100648880005,-0.04988546669483185,-0.5341741442680359,-0.04904688522219658,-0.6344558000564575,-0.07371581345796585,-0.4916900098323822,-0.09915383160114288,-0.40534067153930664,0.02993270568549633,-0.5053830146789551,0.061830829828977585,-0.6860180497169495,0.09060484915971756,-0.8000160455703735,0.11005032807588577,-0.9210116863250732
Help,0.0,0.0,-0.13428708910942078,-0.10207927972078323,-0.2101234346628189,-0.3012566864490509,-0.19266366958618164,-0.49046993255615234,-0.11718935519456863,-0.6061102151870728,-0.21439525485038757,-0.5614948272705078,-0.22039182484149933,-0.776071310043335,-0.21412478387355804,-0.8923164010047913,-0.19775232672691345,-1.0,-0.12498541176319122,-0.552853524684906,-0.12841077148914337,-0.7022822499275208,-0.13700012862682343,-0.5668264627456665,-0.14412084221839905,-0.46516120433807373,-0.03891992196440697,-0.5265787839889526,-0.04639558121562004,-0.6104655861854553,-0.07394685596227646,-0.4649803638458252,-0.09350239485502243,-0.3741355836391449,0.03789765387773514,-0.4956885576248169,0.06753473728895187,-0.6711320877075195,0.0946681797504425,-0.7858115434646606,0.11652732640504837,-0.9054952263832092
Help,0.0,0.0,-0.1339191347360611,-0.0995878055691719,-0.20835961401462555,-0.2911512553691864,-0.18969112634658813,-0.4782344698905945,-0.1173030212521553,-0.6005216240882874,-0.21818965673446655,-0.5529230237007141,-0.2280234396457672,-0.7683741450309753,-0.2236699014902115,-0.8881332874298096,-0.20987659692764282,-1.0,-0.12824158370494843,-0.5524986386299133,-0.13048246502876282,-0.7036068439483643,-0.1361641138792038,-0.56041020154953,-0.14109258353710175,-0.45531973242759705,-0.041751738637685776,-0.5304654240608215,-0.045468393713235855,-0.6164777278900146,-0.07161647081375122,-0.4683178961277008,-0.09106165170669556,-0.3780522048473358,0.034071944653987885,-0.49998804926872253,0.0636897161602974,-0.6741545796394348,0.08678019791841507,-0.7864519953727722,0.10358746349811554,-0.9057009816169739
Help,0.0,0.0,-0.1306881606578827,-0.09850308299064636,-0.2134334295988083,-0.2972378432750702,-0.19829972088336945,-0.49447867274284363,-0.12323324382305145,-0.6295962929725647,-0.23180989921092987,-0.550923764705658,-0.24496543407440186,-0.7657102942466736,-0.2442605048418045,-0.8871774673461914,-0.22875800728797913,-1.0,-0.1381494253873825,-0.5521329641342163,-0.1366862803697586,-0.7044195532798767,-0.14670775830745697,-0.562794029712677,-0.15090060234069824,-0.4608336091041565,-0.04959947615861893,-0.5309365391731262,-0.045955780893564224,-0.6323968768119812,-0.07980246096849442,-0.4820246398448944,-0.10369638353586197,-0.38860443234443665,0.02795531041920185,-0.5022438168525696,0.051661167293787,-0.6824604868888855,0.07420797646045685,-0.7987018823623657,0.09437859803438187,-0.9199265241622925
Help,0.0,0.0,-0.127818763256073,-0.09686748683452606,-0.2112305611371994,-0.2919085621833801,-0.19167391955852509,-0.4780033528804779,-0.12326756119728088,-0.6053873300552368,-0.23278610408306122,-0.5546174049377441,-0.24551570415496826,-0.7647849917411804,-0.24111458659172058,-0.8844666481018066,-0.2284807711839676,-1.0,-0.13998693227767944,-0.5600565075874329,-0.1313592791557312,-0.7030169367790222,-0.137412890791893,-0.5432401299476624,-0.1475752592086792,-0.44355514645576477,-0.0500033013522625,-0.5393688678741455,-0.0421736016869545,-0.6222589612007141,-0.06357627362012863,-0.46657389402389526,-0.08450601994991302,-0.38039764761924744,0.03099619224667549,-0.5066112875938416,0.05702363699674606,-0.6884610056877136,0.0798759013414383,-0.7950431704521179,0.0957615002989769,-0.9102358222007751
Help,0.0,0.0,-0.12684395909309387,-0.10187064111232758,-0.20407861471176147,-0.2867269814014435,-0.18273212015628815,-0.4705449938774109,-0.11850396543741226,-0.6027234792709351,-0.23249377310276031,-0.5519368052482605,-0.24772849678993225,-0.7600618004798889,-0.2428358644247055,-0.8840937614440918,-0.22949816286563873,-1.0,-0.13841202855110168,-0.552564799785614,-0.12781034409999847,-0.7041463255882263,-0.13072569668293,-0.5515910983085632,-0.14117923378944397,-0.44230830669403076,-0.049491021782159805,-0.5300325155258179,-0.04023250937461853,-0.6186370849609375,-0.06121528148651123,-0.47543269395828247,-0.08419883996248245,-0.3888825476169586,0.029641136527061462,-0.4974665343761444,0.058915916830301285,-0.6802948713302612,0.08258204162120819,-0.7899898290634155,0.09677121043205261,-0.9038822650909424
Help,0.0,0.0,-0.12758974730968475,-0.10392424464225769,-0.1994704306125641,-0.29560354351997375,-0.17257793247699738,-0.47718366980552673,-0.1066826581954956,-0.6014571189880371,-0.22957564890384674,-0.5524430871009827,-0.2448919415473938,-0.7568133473396301,-0.24080662429332733,-0.8822648525238037,-0.2313251495361328,-1.0,-0.13813072443008423,-0.5580597519874573,-0.13236071169376373,-0.709670901298523,-0.1322714239358902,-0.5585320591926575,-0.1397724449634552,-0.44852539896965027,-0.048873670399188995,-0.5384350419044495,-0.03836805745959282,-0.6225118041038513,-0.05781502649188042,-0.4773707091808319,-0.08142393827438354,-0.38703617453575134,0.03109666518867016,-0.506195604801178,0.05829939991235733,-0.6884242296218872,0.08138411492109299,-0.7979322671890259,0.09431883692741394,-0.9101045727729797
Help,0.0,0.0,-0.12969249486923218,-0.1019638180732727,-0.20474809408187866,-0.29329943656921387,-0.1848679929971695,-0.48375916481018066,-0.11548098176717758,-0.6149007081985474,-0.23603205382823944,-0.5511559844017029,-0.24855126440525055,-0.7644888758659363,-0.24548065662384033,-0.8875164985656738,-0.23289774358272552,-1.0,-0.14239506423473358,-0.551134467124939,-0.1305236965417862,-0.7065035700798035,-0.13368599116802216,-0.569141685962677,-0.14322566986083984,-0.46662384271621704,-0.05374986305832863,-0.5313993692398071,-0.04104132205247879,-0.6255645751953125,-0.06479514390230179,-0.484197735786438,-0.08974355459213257,-0.39860209822654724,0.023751674219965935,-0.5037542581558228,0.05322464928030968,-0.6811351180076599,0.07779689878225327,-0.7930776476860046,0.09387713670730591,-0.9089102745056152
Help,0.0,0.0,-0.1273629367351532,-0.09999622404575348,-0.20861370861530304,-0.29045912623405457,-0.18698523938655853,-0.47847917675971985,-0.11583831906318665,-0.6091985702514648,-0.24027839303016663,-0.5494065284729004,-0.2556475102901459,-0.7608492970466614,-0.2525918185710907,-0.8824483156204224,-0.24275226891040802,-1.0,-0.14440646767616272,-0.5548263192176819,-0.13977257907390594,-0.7079493403434753,-0.1386953592300415,-0.5543791055679321,-0.14440247416496277,-0.4504272937774658,-0.053443051874637604,-0.5357405543327332,-0.04775194078683853,-0.6214336156845093,-0.06657496094703674,-0.47140195965766907,-0.08719661086797714,-0.3843325674533844,0.026221515610814095,-0.5056649446487427,0.05419391766190529,-0.6856982707977295,0.07901816815137863,-0.7953575253486633,0.09465169906616211,-0.9118144512176514
Help,0.0,0.0,-0.12721490859985352,-0.103500597178936,-0.20659105479717255,-0.2943786382675171,-0.18088220059871674,-0.4781501591205597,-0.10737129300832748,-0.6075218915939331,-0.23334957659244537,-0.5465168952941895,-0.24935713410377502,-0.7579768896102905,-0.2480521947145462,-0.8819313645362854,-0.23714745044708252,-1.0,-0.13958248496055603,-0.5508021116256714,-0.12748585641384125,-0.7011286020278931,-0.13367372751235962,-0.5484480261802673,-0.14257892966270447,-0.4436323940753937,-0.04973277449607849,-0.530248761177063,-0.034899722784757614,-0.6178250312805176,-0.059828776866197586,-0.4662021994590759,-0.08301928639411926,-0.3746994137763977,0.030520057305693626,-0.4983087480068207,0.059597812592983246,-0.6777994632720947,0.08389147371053696,-0.7885064482688904,0.10183097422122955,-0.9049922227859497
Help,0.0,0.0,-0.127921923995018,-0.10750214755535126,-0.20714214444160461,-0.30545783042907715,-0.18318070471286774,-0.49871814250946045,-0.1105862408876419,-0.6262118816375732,-0.23898856341838837,-0.5573344826698303,-0.25341492891311646,-0.7693676948547363,-0.2489839494228363,-0.8883086442947388,-0.23957706987857819,-1.0,-0.14578208327293396,-0.5593935251235962,-0.14034110307693481,-0.7207345962524414,-0.13977494835853577,-0.5759941339492798,-0.14792178571224213,-0.47444477677345276,-0.05569065362215042,-0.5397149324417114,-0.04863182082772255,-0.6331472396850586,-0.06583227217197418,-0.48541802167892456,-0.08631453663110733,-0.3963192403316498,0.022929351776838303,-0.5103260278701782,0.053672343492507935,-0.68565833568573,0.0786428228020668,-0.7981798648834229,0.09265094250440598,-0.9176572561264038
Help,0.0,0.0,-0.1300724744796753,-0.10900118201971054,-0.20365583896636963,-0.3022812604904175,-0.17580929398536682,-0.4841820001602173,-0.11392419040203094,-0.6139532327651978,-0.23678942024707794,-0.5449020266532898,-0.24986371397972107,-0.7541898488998413,-0.25085994601249695,-0.8797134160995483,-0.24714581668376923,-1.0,-0.14557135105133057,-0.5503109097480774,-0.13937586545944214,-0.703313946723938,-0.13968805968761444,-0.5547205805778503,-0.14511315524578094,-0.45025530457496643,-0.057018257677555084,-0.5322171449661255,-0.04193440452218056,-0.6217980980873108,-0.06278320401906967,-0.47740626335144043,-0.08617866039276123,-0.3883029818534851,0.02206788957118988,-0.5037102103233337,0.05278867855668068,-0.68574458360672,0.07936707884073257,-0.7982410192489624,0.09712914377450943,-0.9119980931282043
Help,0.0,0.0,-0.1300724744796753,-0.10900118201971054,-0.20365583896636963,-0.3022812604904175,-0.17580929398536682,-0.4841820001602173,-0.11392419040203094,-0.6139532327651978,-0.23678942024707794,-0.5449020266532898,-0.24986371397972107,-0.7541898488998413,-0.25085994601249695,-0.8797134160995483,-0.24714581668376923,-1.0,-0.14557135105133057,-0.5503109097480774,-0.13937586545944214,-0.703313946723938,-0.13968805968761444,-0.5547205805778503,-0.14511315524578094,-0.45025530457496643,-0.057018257677555084,-0.5322171449661255,-0.04193440452218056,-0.6217980980873108,-0.06278320401906967,-0.47740626335144043,-0.08617866039276123,-0.3883029818534851,0.02206788957118988,-0.5037102103233337,0.05278867855668068,-0.68574458360672,0.07936707884073257,-0.7982410192489624,0.09712914377450943,-0.9119980931282043
Help,0.0,0.0,-0.12754514813423157,-0.10869462788105011,-0.20935334265232086,-0.29048725962638855,-0.1895136684179306,-0.4714272618293762,-0.12415626645088196,-0.6103762984275818,-0.24311906099319458,-0.5454532504081726,-0.2634085416793823,-0.7531894445419312,-0.26190119981765747,-0.8783560991287231,-0.25290340185165405,-1.0,-0.14690198004245758,-0.553652822971344,-0.14470532536506653,-0.6995064616203308,-0.1444956511259079,-0.5400534272193909,-0.1503344178199768,-0.43528249859809875,-0.05459955334663391,-0.5338377952575684,-0.048049818724393845,-0.6152810454368591,-0.06919290870428085,-0.46457770466804504,-0.09226426482200623,-0.37622711062431335,0.028280489146709442,-0.5015391707420349,0.05686398595571518,-0.6848570704460144,0.08196098357439041,-0.7957656979560852,0.09681759029626846,-0.91267329454422
Help,0.0,0.0,-0.12885433435440063,-0.10662219673395157,-0.2083977907896042,-0.28845369815826416,-0.1848450005054474,-0.46979889273643494,-0.12322891503572464,-0.609758734703064,-0.24605275690555573,-0.5370441675186157,-0.26549920439720154,-0.7525573372840881,-0.2633312940597534,-0.8796246647834778,-0.25700661540031433,-1.0,-0.15132129192352295,-0.5449164509773254,-0.1483212262392044,-0.7029334306716919,-0.14743176102638245,-0.5531017780303955,-0.15318655967712402,-0.44910117983818054,-0.059711892157793045,-0.5273376703262329,-0.05058000981807709,-0.6197509169578552,-0.07031907886266708,-0.4779036045074463,-0.09180842339992523,-0.3900361955165863,0.02231556922197342,-0.4991810917854309,0.05170900747179985,-0.6839122176170349,0.0769350454211235,-0.7959440350532532,0.09269341826438904,-0.9082114100456238
Help,0.0,0.0,-0.12674061954021454,-0.1064077839255333,-0.2038985937833786,-0.28661078214645386,-0.18117301166057587,-0.4671151638031006,-0.11918262392282486,-0.6003593802452087,-0.24184630811214447,-0.5421751141548157,-0.26626265048980713,-0.7517856955528259,-0.2661398649215698,-0.8794471025466919,-0.2582437992095947,-1.0,-0.14778421819210052,-0.5526368618011475,-0.14359082281589508,-0.7078806757926941,-0.14284338057041168,-0.5557913780212402,-0.1524379700422287,-0.4436052143573761,-0.05601930245757103,-0.5366538166999817,-0.0462103895843029,-0.622037947177887,-0.0634981170296669,-0.4718473553657532,-0.08681716024875641,-0.3776663839817047,0.0255755465477705,-0.5093157887458801,0.05776310712099075,-0.6917430758476257,0.08654867112636566,-0.802146852016449,0.10242508351802826,-0.9166938662528992
Help,0.0,0.0,-0.13008953630924225,-0.10236051678657532,-0.20768292248249054,-0.2924094796180725,-0.18391874432563782,-0.47277045249938965,-0.12371926009654999,-0.6065089106559753,-0.24282729625701904,-0.55220627784729,-0.2635956108570099,-0.7609480619430542,-0.26317688822746277,-0.8841516971588135,-0.2586930990219116,-1.0,-0.15135033428668976,-0.5569630265235901,-0.14774000644683838,-0.7120248675346375,-0.14627331495285034,-0.5668887495994568,-0.15609712898731232,-0.46631959080696106,-0.060225218534469604,-0.5359174013137817,-0.050797659903764725,-0.6228627562522888,-0.06485792994499207,-0.47597166895866394,-0.08679217845201492,-0.389940083026886,0.022409390658140182,-0.5058091282844543,0.05412740260362625,-0.6896503567695618,0.08000198006629944,-0.8024985790252686,0.09357909858226776,-0.9208205938339233
Help,0.0,0.0,-0.12317467480897903,-0.10353996604681015,-0.2038540542125702,-0.28605371713638306,-0.18844948709011078,-0.47028303146362305,-0.12610280513763428,-0.6068617701530457,-0.24152714014053345,-0.5469185709953308,-0.260232150554657,-0.7556416392326355,-0.2603015601634979,-0.8806511759757996,-0.25204774737358093,-1.0,-0.1447174996137619,-0.554358959197998,-0.1331833004951477,-0.7037455439567566,-0.135088711977005,-0.5451387763023376,-0.14711026847362518,-0.4411604106426239,-0.05176296830177307,-0.5341876745223999,-0.03943158686161041,-0.6182126402854919,-0.057342372834682465,-0.47002869844436646,-0.08189046382904053,-0.3872193694114685,0.029912298545241356,-0.5039370059967041,0.06019851565361023,-0.6894019842147827,0.08649735897779465,-0.7988519072532654,0.10026782006025314,-0.9140550494194031
Help,0.0,0.0,-0.1268882304430008,-0.10544899106025696,-0.21173541247844696,-0.2951361835002899,-0.19655105471611023,-0.4880858361721039,-0.12355183809995651,-0.6234559416770935,-0.2473296970129013,-0.5496369004249573,-0.26954108476638794,-0.7610980272293091,-0.27146482467651367,-0.8822045922279358,-0.26254865527153015,-1.0,-0.15086250007152557,-0.555457592010498,-0.15179075300693512,-0.7031012773513794,-0.1525769680738449,-0.5462672710418701,-0.1567630171775818,-0.4461948871612549,-0.059002719819545746,-0.5377264618873596,-0.05763845518231392,-0.6191530227661133,-0.07968007028102875,-0.4675699472427368,-0.10080480575561523,-0.3816491961479187,0.02116837166249752,-0.5104930400848389,0.05294036492705345,-0.6877235770225525,0.08082382380962372,-0.7987026572227478,0.09899169951677322,-0.9170500040054321
Help,0.0,0.0,-0.1317119002342224,-0.10842008888721466,-0.21353018283843994,-0.3006119430065155,-0.18542398512363434,-0.48198023438453674,-0.11421605199575424,-0.612790048122406,-0.2429679036140442,-0.5511537194252014,-0.2636982500553131,-0.7579797506332397,-0.2683173418045044,-0.8799088001251221,-0.26591357588768005,-1.0,-0.1487135887145996,-0.5567696690559387,-0.14861899614334106,-0.7012410163879395,-0.15075625479221344,-0.5436556935310364,-0.1553909033536911,-0.44518589973449707,-0.057910893112421036,-0.5372717976570129,-0.05115307867527008,-0.6157036423683167,-0.07239744067192078,-0.4649275541305542,-0.09278666973114014,-0.3786253333091736,0.023710981011390686,-0.5070437788963318,0.05478911101818085,-0.6884369850158691,0.08164123445749283,-0.7996676564216614,0.0998019203543663,-0.9176855683326721
Help,0.0,0.0,-0.12661558389663696,-0.11394205689430237,-0.2036266326904297,-0.2994770109653473,-0.17873945832252502,-0.4799624979496002,-0.12043289095163345,-0.6196045279502869,-0.246088445186615,-0.5572996735572815,-0.2677582800388336,-0.759865939617157,-0.2691405713558197,-0.8835312128067017,-0.26405781507492065,-1.0,-0.15103201568126678,-0.5628852248191833,-0.14167362451553345,-0.7097433805465698,-0.14136596024036407,-0.5607476234436035,-0.1504514217376709,-0.45578256249427795,-0.05976254120469093,-0.543526828289032,-0.0420442633330822,-0.6302893161773682,-0.059861920773983,-0.48619788885116577,-0.08365072309970856,-0.4006926119327545,0.020155146718025208,-0.512851357460022,0.05006910115480423,-0.6951315999031067,0.07591666281223297,-0.8048169612884521,0.09130963683128357,-0.9186228513717651
Help,0.0,0.0,-0.13092714548110962,-0.11469827592372894,-0.21070583164691925,-0.30268341302871704,-0.1927465945482254,-0.4892585575580597,-0.12352555245161057,-0.6148820519447327,-0.242466002702713,-0.5543175935745239,-0.2655876874923706,-0.7593255043029785,-0.26864558458328247,-0.8841125965118408,-0.26233169436454773,-1.0,-0.14750438928604126,-0.558254599571228,-0.14023303985595703,-0.7107597589492798,-0.14276224374771118,-0.555341899394989,-0.15301907062530518,-0.4485466480255127,-0.056490056216716766,-0.5369804501533508,-0.04710027575492859,-0.6228612065315247,-0.06617726385593414,-0.47910276055336,-0.08837154507637024,-0.3942304253578186,0.022377517074346542,-0.5063045024871826,0.053677551448345184,-0.688407301902771,0.07821840047836304,-0.8016162514686584,0.09192097187042236,-0.918793797492981
Help,0.0,0.0,-0.12988409399986267,-0.1136721819639206,-0.21073250472545624,-0.30409955978393555,-0.1905118077993393,-0.4917563796043396,-0.11966130882501602,-0.6247519254684448,-0.2458941787481308,-0.5558584332466125,-0.2653675675392151,-0.7629854679107666,-0.2676156759262085,-0.884306788444519,-0.2618475556373596,-1.0,-0.15101878345012665,-0.5600388646125793,-0.14713647961616516,-0.7059009075164795,-0.14903613924980164,-0.5514476299285889,-0.1555631160736084,-0.4489721357822418,-0.060470860451459885,-0.5418677926063538,-0.05296052619814873,-0.6272994875907898,-0.07605575025081635,-0.4747105538845062,-0.0989328920841217,-0.3863220512866974,0.018617110326886177,-0.5153583884239197,0.04927734285593033,-0.6917847394943237,0.07682030647993088,-0.8020670413970947,0.095778688788414,-0.9208448529243469
Help,0.0,0.0,-0.13132932782173157,-0.10805515199899673,-0.2172980159521103,-0.2917734384536743,-0.20129379630088806,-0.4796617329120636,-0.1422845870256424,-0.6253873705863953,-0.24913263320922852,-0.5418607592582703,-0.2728613018989563,-0.7546276450157166,-0.2764996290206909,-0.8801207542419434,-0.2718755006790161,-1.0,-0.15667089819908142,-0.5495093464851379,-0.15488781034946442,-0.7020084857940674,-0.1546468287706375,-0.5500813126564026,-0.15860804915428162,-0.4438824951648712,-0.06673682481050491,-0.5326386094093323,-0.05870644748210907,-0.620337188243866,-0.08183863759040833,-0.47333958745002747,-0.1045740619301796,-0.3837667405605316,0.015076055191457272,-0.5070985555648804,0.04693898558616638,-0.6903918981552124,0.07522523403167725,-0.8032198548316956,0.09488866478204727,-0.9194015264511108
Help,0.0,0.0,-0.13162466883659363,-0.1050877645611763,-0.2119586020708084,-0.29203617572784424,-0.1971522867679596,-0.4839600622653961,-0.1353146731853485,-0.6220828294754028,-0.2494688779115677,-0.5430794358253479,-0.27509433031082153,-0.751771867275238,-0.2787310779094696,-0.8813157081604004,-0.2723427712917328,-1.0,-0.15492555499076843,-0.5502802729606628,-0.1505974382162094,-0.719550371170044,-0.147126704454422,-0.5794639587402344,-0.15354079008102417,-0.47086209058761597,-0.06381795555353165,-0.5342073440551758,-0.0574851930141449,-0.6352026462554932,-0.07641468942165375,-0.4921098053455353,-0.0998515784740448,-0.4017386734485626,0.016739491373300552,-0.5085287690162659,0.04725154489278793,-0.6890556216239929,0.0742558017373085,-0.803157389163971,0.08983258157968521,-0.9210330843925476
Help,0.0,0.0,-0.13162466883659363,-0.1050877645611763,-0.2119586020708084,-0.29203617572784424,-0.1971522867679596,-0.4839600622653961,-0.1353146731853485,-0.6220828294754028,-0.2494688779115677,-0.5430794358253479,-0.27509433031082153,-0.751771867275238,-0.2787310779094696,-0.8813157081604004,-0.2723427712917328,-1.0,-0.15492555499076843,-0.5502802729606628,-0.1505974382162094,-0.719550371170044,-0.147126704454422,-0.5794639587402344,-0.15354079008102417,-0.47086209058761597,-0.06381795555353165,-0.5342073440551758,-0.0574851930141449,-0.6352026462554932,-0.07641468942165375,-0.4921098053455353,-0.0998515784740448,-0.4017386734485626,0.016739491373300552,-0.5085287690162659,0.04725154489278793,-0.6890556216239929,0.0742558017373085,-0.803157389163971,0.08983258157968521,-0.9210330843925476
Help,0.0,0.0,-0.13090598583221436,-0.10350493341684341,-0.211390882730484,-0.28269538283348083,-0.20213277637958527,-0.46862974762916565,-0.13869763910770416,-0.6048809289932251,-0.24690639972686768,-0.5430380702018738,-0.27062010765075684,-0.7562235593795776,-0.2738906741142273,-0.8838779926300049,-0.2681078612804413,-1.0,-0.15309570729732513,-0.5474163293838501,-0.15039539337158203,-0.7071479558944702,-0.14440979063510895,-0.5652692914009094,-0.14915034174919128,-0.45680201053619385,-0.06191834434866905,-0.5297201871871948,-0.05346112698316574,-0.6261855959892273,-0.06847600638866425,-0.4822433292865753,-0.08986750990152359,-0.39267832040786743,0.018865536898374557,-0.5041168332099915,0.05070730671286583,-0.6838395595550537,0.0782390683889389,-0.7976711988449097,0.09413143992424011,-0.9171017408370972
Help,0.0,0.0,-0.1284506469964981,-0.10647719353437424,-0.20565666258335114,-0.29095259308815,-0.1890696883201599,-0.48037657141685486,-0.13113676011562347,-0.6226547360420227,-0.24523989856243134,-0.548039436340332,-0.27007418870925903,-0.7562497854232788,-0.2753140926361084,-0.8817133903503418,-0.269957959651947,-1.0,-0.14891698956489563,-0.5523889660835266,-0.14146770536899567,-0.7118379473686218,-0.14076313376426697,-0.5646970868110657,-0.1488700956106186,-0.4586056172847748,-0.05747446417808533,-0.5324319005012512,-0.04798296466469765,-0.6261792182922363,-0.06625870615243912,-0.47696077823638916,-0.0880073681473732,-0.3886905014514923,0.021863803267478943,-0.5044476985931396,0.05138815566897392,-0.6809284687042236,0.07754398882389069,-0.7933657765388489,0.09411512315273285,-0.9117181897163391
Help,0.0,0.0,-0.12839484214782715,-0.10653971880674362,-0.20841805636882782,-0.2898353636264801,-0.19264331459999084,-0.47995641827583313,-0.1281726211309433,-0.6197354793548584,-0.24854211509227753,-0.5376266241073608,-0.2761053740978241,-0.7467274069786072,-0.28146499395370483,-0.8766636848449707,-0.277543842792511,-1.0,-0.15353699028491974,-0.5475786328315735,-0.15215247869491577,-0.7053479552268982,-0.14990568161010742,-0.5544475317001343,-0.15509001910686493,-0.4480479955673218,-0.06270754337310791,-0.5337442755699158,-0.05959906801581383,-0.6202954649925232,-0.07932522147893906,-0.47629958391189575,-0.10179777443408966,-0.38992682099342346,0.017955981194972992,-0.5090864896774292,0.047911446541547775,-0.690719723701477,0.07471924275159836,-0.8019332885742188,0.09026063978672028,-0.9168003797531128
Help,0.0,0.0,-0.13037565350532532,-0.11096395552158356,-0.20777669548988342,-0.3005348742008209,-0.1897423416376114,-0.4839683175086975,-0.13724111020565033,-0.6233675479888916,-0.24119697511196136,-0.5552694797515869,-0.26630058884620667,-0.75786292552948,-0.2701472043991089,-0.8824989199638367,-0.26523706316947937,-1.0,-0.14813077449798584,-0.5600935816764832,-0.1413753181695938,-0.7110279202461243,-0.14185667037963867,-0.5615862011909485,-0.15001557767391205,-0.4532488286495209,-0.05767081305384636,-0.5400789976119995,-0.04890676587820053,-0.6301454901695251,-0.06905186921358109,-0.4841211140155792,-0.09235649555921555,-0.3963932394981384,0.02361541986465454,-0.5111938118934631,0.05384122580289841,-0.6923073530197144,0.08076945692300797,-0.8022802472114563,0.09809579700231552,-0.9173742532730103
Help,0.0,0.0,-0.1305246353149414,-0.10427763313055038,-0.21558678150177002,-0.28105729818344116,-0.20609721541404724,-0.4708297550678253,-0.14795663952827454,-0.6172329187393188,-0.25333207845687866,-0.5405792593955994,-0.2803056538105011,-0.7505837678909302,-0.28267544507980347,-0.8787335753440857,-0.27592310309410095,-1.0,-0.15864191949367523,-0.5536608099937439,-0.15213868021965027,-0.7059367895126343,-0.14559663832187653,-0.5511573553085327,-0.14985224604606628,-0.44102948904037476,-0.06613931804895401,-0.5413654446601868,-0.0532899871468544,-0.6274538040161133,-0.07101035863161087,-0.4739726483821869,-0.09502062201499939,-0.3821781277656555,0.01730959117412567,-0.5181787014007568,0.04898456111550331,-0.7007065415382385,0.07637062668800354,-0.811665415763855,0.09130895882844925,-0.9273940324783325
Help,0.0,0.0,-0.13043762743473053,-0.11151617020368576,-0.21127083897590637,-0.29107633233070374,-0.19340816140174866,-0.47731345891952515,-0.1288069635629654,-0.6136738657951355,-0.24735388159751892,-0.551470935344696,-0.2726288437843323,-0.7568179965019226,-0.2765284478664398,-0.881834864616394,-0.27281129360198975,-1.0,-0.15236115455627441,-0.5545139908790588,-0.14471381902694702,-0.7044203281402588,-0.1419253647327423,-0.5498281717300415,-0.15008126199245453,-0.4462029039859772,-0.06076443940401077,-0.5364629626274109,-0.04706842452287674,-0.6228739023208618,-0.06547559052705765,-0.4737410843372345,-0.09015151858329773,-0.38926804065704346,0.01993541792035103,-0.5110803246498108,0.051593612879514694,-0.6898956298828125,0.0780763030052185,-0.8004770278930664,0.09457416832447052,-0.9185040593147278
Help,0.0,0.0,-0.12998183071613312,-0.10651051998138428,-0.21354512870311737,-0.28186723589897156,-0.2012156993150711,-0.4650598168373108,-0.1366785168647766,-0.606652021408081,-0.25139033794403076,-0.5424937605857849,-0.2786247134208679,-0.7561696767807007,-0.28379908204078674,-0.8825927972793579,-0.2807921767234802,-1.0,-0.15780992805957794,-0.5474598407745361,-0.15612748265266418,-0.7024139165878296,-0.15330830216407776,-0.558640718460083,-0.15901896357536316,-0.45744049549102783,-0.06643079966306686,-0.5289876461029053,-0.05949117988348007,-0.6116343140602112,-0.08031284064054489,-0.46779507398605347,-0.10442489385604858,-0.3843438923358917,0.015178048051893711,-0.5028018355369568,0.04651857167482376,-0.6871050000190735,0.07359905540943146,-0.801856517791748,0.08932916820049286,-0.9195797443389893
Help,0.0,0.0,-0.13104918599128723,-0.10925023257732391,-0.21268074214458466,-0.30485594272613525,-0.1872752159833908,-0.49524182081222534,-0.11750251054763794,-0.6280246376991272,-0.24671892821788788,-0.5459434986114502,-0.26945704221725464,-0.7586659789085388,-0.274008184671402,-0.8809933066368103,-0.2710476517677307,-1.0,-0.1523946076631546,-0.5541412234306335,-0.14613030850887299,-0.7055866718292236,-0.14649581909179688,-0.5508936047554016,-0.15224957466125488,-0.45185431838035583,-0.060907457023859024,-0.5380846261978149,-0.04485377296805382,-0.6244922876358032,-0.06448835134506226,-0.47722509503364563,-0.08710574358701706,-0.3920482397079468,0.02041560597717762,-0.5108392834663391,0.04862087592482567,-0.6949767470359802,0.07404031604528427,-0.808915376663208,0.0907500833272934,-0.9250203967094421
Help,0.0,0.0,-0.13257816433906555,-0.10773935914039612,-0.21359342336654663,-0.2976948618888855,-0.19635920226573944,-0.48809272050857544,-0.1332295686006546,-0.6269962191581726,-0.2516145408153534,-0.5447528958320618,-0.2747466564178467,-0.7545677423477173,-0.2764149010181427,-0.8808428049087524,-0.2728244960308075,-1.0,-0.15751756727695465,-0.5542632341384888,-0.15644674003124237,-0.7081151604652405,-0.149514302611351,-0.5616893768310547,-0.15306295454502106,-0.4569360911846161,-0.06601731479167938,-0.5380195379257202,-0.058692384511232376,-0.6224666237831116,-0.07552696019411087,-0.4774496257305145,-0.09752577543258667,-0.39081382751464844,0.015813255682587624,-0.5111120939254761,0.047564491629600525,-0.6878751516342163,0.07530263066291809,-0.7983751893043518,0.09085964411497116,-0.914054811000824
Help,0.0,0.0,-0.13177607953548431,-0.10751231014728546,-0.2151852548122406,-0.29088500142097473,-0.20007888972759247,-0.47745639085769653,-0.13794805109500885,-0.6194950342178345,-0.2501852214336395,-0.5438548922538757,-0.2761576473712921,-0.7513452768325806,-0.27941545844078064,-0.8794088959693909,-0.27694523334503174,-1.0,-0.15712970495224,-0.553505003452301,-0.15442626178264618,-0.7035709619522095,-0.14658452570438385,-0.5494673848152161,-0.15085268020629883,-0.4432734251022339,-0.06539946794509888,-0.5376336574554443,-0.05560040473937988,-0.6223715543746948,-0.069707490503788,-0.4739111363887787,-0.09235670417547226,-0.3870600759983063,0.017419973388314247,-0.5115071535110474,0.047422703355550766,-0.6962763071060181,0.07432498037815094,-0.8082338571548462,0.0876271054148674,-0.9246430397033691
Help,0.0,0.0,-0.1314866989850998,-0.11095667630434036,-0.20854566991329193,-0.29746320843696594,-0.18433207273483276,-0.47944965958595276,-0.11191889643669128,-0.606990396976471,-0.24308334290981293,-0.5526726245880127,-0.2673715054988861,-0.7606987953186035,-0.27155938744544983,-0.885364294052124,-0.26707226037979126,-1.0,-0.1492200493812561,-0.5548756122589111,-0.14253449440002441,-0.7119434475898743,-0.14296363294124603,-0.5698595643043518,-0.15125823020935059,-0.4646689295768738,-0.05835335701704025,-0.5349355936050415,-0.047862764447927475,-0.6190111637115479,-0.06932903826236725,-0.474809855222702,-0.09226441383361816,-0.3890771269798279,0.02225218527019024,-0.5072868466377258,0.054707854986190796,-0.6881917119026184,0.08257845789194107,-0.8020327687263489,0.10048579424619675,-0.9207653403282166
Help,0.0,0.0,-0.1314866989850998,-0.11095667630434036,-0.20854566991329193,-0.29746320843696594,-0.18433207273483276,-0.47944965958595276,-0.11191889643669128,-0.606990396976471,-0.24308334290981293,-0.5526726245880127,-0.2673715054988861,-0.7606987953186035,-0.27155938744544983,-0.885364294052124,-0.26707226037979126,-1.0,-0.1492200493812561,-0.5548756122589111,-0.14253449440002441,-0.7119434475898743,-0.14296363294124603,-0.5698595643043518,-0.15125823020935059,-0.4646689295768738,-0.05835335701704025,-0.5349355936050415,-0.047862764447927475,-0.6190111637115479,-0.06932903826236725,-0.474809855222702,-0.09226441383361816,-0.3890771269798279,0.02225218527019024,-0.5072868466377258,0.054707854986190796,-0.6881917119026184,0.08257845789194107,-0.8020327687263489,0.10048579424619675,-0.9207653403282166
Help,0.0,0.0,-0.13504642248153687,-0.10465601831674576,-0.21204128861427307,-0.2968024015426636,-0.19078998267650604,-0.4857662618160248,-0.1273048371076584,-0.6184647083282471,-0.2487838715314865,-0.5458435416221619,-0.27366816997528076,-0.7545985579490662,-0.27886107563972473,-0.8818129301071167,-0.27253392338752747,-1.0,-0.15220017731189728,-0.5489179491996765,-0.14655275642871857,-0.7130671143531799,-0.1465204805135727,-0.570716142654419,-0.1511112004518509,-0.46372124552726746,-0.06040970981121063,-0.5322868227958679,-0.05202481895685196,-0.6258063912391663,-0.07784880697727203,-0.4799284338951111,-0.10316736996173859,-0.3920261263847351,0.020823054015636444,-0.5077788829803467,0.053361475467681885,-0.6849319338798523,0.07999841868877411,-0.7978568077087402,0.09731508046388626,-0.9157610535621643
Help,0.0,0.0,-0.1345253586769104,-0.11178786307573318,-0.2144583910703659,-0.29158228635787964,-0.19953490793704987,-0.4792056083679199,-0.1322356015443802,-0.6133682727813721,-0.24993659555912018,-0.5444966554641724,-0.2752712666988373,-0.7530348300933838,-0.27913618087768555,-0.8803073763847351,-0.2735831141471863,-1.0,-0.154328390955925,-0.5502970814704895,-0.14896714687347412,-0.7044652104377747,-0.14835888147354126,-0.5630099177360535,-0.15623998641967773,-0.4602762460708618,-0.06188561022281647,-0.5348168611526489,-0.04948344826698303,-0.6143403649330139,-0.0707993283867836,-0.46656596660614014,-0.09679482132196426,-0.37980636954307556,0.019294850528240204,-0.5122390389442444,0.05154547095298767,-0.6932204365730286,0.07966810464859009,-0.8086772561073303,0.09607809782028198,-0.92816162109375
Help,0.0,0.0,-0.12736167013645172,-0.10568994283676147,-0.20285294950008392,-0.2907569110393524,-0.18570323288440704,-0.4780068099498749,-0.1262117177248001,-0.6136924028396606,-0.24671022593975067,-0.5500082969665527,-0.27143266797065735,-0.7587849497795105,-0.2754562795162201,-0.8848410844802856,-0.2699448764324188,-1.0,-0.15158970654010773,-0.5542573928833008,-0.14230237901210785,-0.7139041423797607,-0.14008039236068726,-0.5669530630111694,-0.1492185741662979,-0.45792093873023987,-0.058953315019607544,-0.5371279716491699,-0.04747142270207405,-0.6337082386016846,-0.06467939168214798,-0.48574650287628174,-0.08792993426322937,-0.3960047662258148,0.021524282172322273,-0.5110217332839966,0.053584013134241104,-0.6901474595069885,0.08141262829303741,-0.8006099462509155,0.09719917923212051,-0.9157383441925049
Help,0.0,0.0,-0.12736167013645172,-0.10568994283676147,-0.20285294950008392,-0.2907569110393524,-0.18570323288440704,-0.4780068099498749,-0.1262117177248001,-0.6136924028396606,-0.24671022593975067,-0.5500082969665527,-0.27143266797065735,-0.7587849497795105,-0.2754562795162201,-0.8848410844802856,-0.2699448764324188,-1.0,-0.15158970654010773,-0.5542573928833008,-0.14230237901210785,-0.7139041423797607,-0.14008039236068726,-0.5669530630111694,-0.1492185741662979,-0.45792093873023987,-0.058953315019607544,-0.5371279716491699,-0.04747142270207405,-0.6337082386016846,-0.06467939168214798,-0.48574650287628174,-0.08792993426322937,-0.3960047662258148,0.021524282172322273,-0.5110217332839966,0.053584013134241104,-0.6901474595069885,0.08141262829303741,-0.8006099462509155,0.09719917923212051,-0.9157383441925049
Help,0.0,0.0,-0.12451508641242981,-0.11469120532274246,-0.20938241481781006,-0.2899590730667114,-0.19722269475460052,-0.47451648116111755,-0.1346513032913208,-0.6180450916290283,-0.24888360500335693,-0.5501986742019653,-0.27303144335746765,-0.7560471892356873,-0.27642232179641724,-0.8816502094268799,-0.2736167013645172,-1.0,-0.15425831079483032,-0.561450719833374,-0.15043115615844727,-0.7135401368141174,-0.14738962054252625,-0.5592454671859741,-0.15565869212150574,-0.4616999328136444,-0.06222301721572876,-0.5454121232032776,-0.053269289433956146,-0.6294528245925903,-0.06784113496541977,-0.4833199083805084,-0.08913680911064148,-0.4018779397010803,0.020851407200098038,-0.5187281966209412,0.05041518434882164,-0.702468752861023,0.07705496996641159,-0.8083322048187256,0.09208039194345474,-0.9200542569160461
Help,0.0,0.0,-0.12442394345998764,-0.11377160996198654,-0.2062912881374359,-0.29734790325164795,-0.19227568805217743,-0.48476752638816833,-0.12809807062149048,-0.6250724196434021,-0.2495160847902298,-0.5567376017570496,-0.27279967069625854,-0.763289749622345,-0.277849406003952,-0.8849611282348633,-0.27493801712989807,-1.0,-0.15332622826099396,-0.558320164680481,-0.14776243269443512,-0.7070788145065308,-0.14644545316696167,-0.5593129992485046,-0.15573886036872864,-0.46111100912094116,-0.06215708702802658,-0.5381870269775391,-0.052942290902137756,-0.626240074634552,-0.06991337239742279,-0.4750572144985199,-0.0914614200592041,-0.3887999653816223,0.01675969548523426,-0.5104458928108215,0.04799744114279747,-0.6874703764915466,0.0744863823056221,-0.7987171411514282,0.09016097337007523,-0.9161943197250366
Help,0.0,0.0,-0.12442394345998764,-0.11377160996198654,-0.2062912881374359,-0.29734790325164795,-0.19227568805217743,-0.48476752638816833,-0.12809807062149048,-0.6250724196434021,-0.2495160847902298,-0.5567376017570496,-0.27279967069625854,-0.763289749622345,-0.277849406003952,-0.8849611282348633,-0.27493801712989807,-1.0,-0.15332622826099396,-0.558320164680481,-0.14776243269443512,-0.7070788145065308,-0.14644545316696167,-0.5593129992485046,-0.15573886036872864,-0.46111100912094116,-0.06215708702802658,-0.5381870269775391,-0.052942290902137756,-0.626240074634552,-0.06991337239742279,-0.4750572144985199,-0.0914614200592041,-0.3887999653816223,0.01675969548523426,-0.5104458928108215,0.04799744114279747,-0.6874703764915466,0.0744863823056221,-0.7987171411514282,0.09016097337007523,-0.9161943197250366
Help,0.0,0.0,-0.12877658009529114,-0.11164259910583496,-0.2117571085691452,-0.29357337951660156,-0.19452044367790222,-0.4806075394153595,-0.13526320457458496,-0.6249297857284546,-0.24925397336483002,-0.5415918827056885,-0.2760089039802551,-0.7514959573745728,-0.279300332069397,-0.8792412877082825,-0.27374377846717834,-1.0,-0.15506212413311005,-0.5485457181930542,-0.1479077935218811,-0.7076436877250671,-0.1466464251279831,-0.5555403232574463,-0.15311776101589203,-0.44795843958854675,-0.06376773118972778,-0.5306932330131531,-0.049120109528303146,-0.616622269153595,-0.06896121799945831,-0.47196125984191895,-0.0928347036242485,-0.3856140375137329,0.018041858449578285,-0.5035254955291748,0.04896445572376251,-0.6884641647338867,0.07550263404846191,-0.8027364611625671,0.09198684245347977,-0.9198495149612427
Help,0.0,0.0,-0.1282988339662552,-0.11485138535499573,-0.2116818130016327,-0.30215996503829956,-0.19125857949256897,-0.49350234866142273,-0.1274072378873825,-0.6310328245162964,-0.24827374517917633,-0.5494423508644104,-0.2730584740638733,-0.755739152431488,-0.27621081471443176,-0.8813384771347046,-0.2733774483203888,-1.0,-0.1537836790084839,-0.5558348894119263,-0.14599375426769257,-0.7067797780036926,-0.14446000754833221,-0.5477423667907715,-0.1561148315668106,-0.43995922803878784,-0.06345371156930923,-0.538166344165802,-0.05086080729961395,-0.6295811533927917,-0.06622456759214401,-0.480133056640625,-0.08904528617858887,-0.39142900705337524,0.017190203070640564,-0.5105883479118347,0.04682260379195213,-0.6938992142677307,0.07479086518287659,-0.8038367033004761,0.09173714369535446,-0.9186572432518005
Help,0.0,0.0,-0.13278919458389282,-0.10769090056419373,-0.2171090841293335,-0.2930471897125244,-0.19936349987983704,-0.4809781014919281,-0.14029639959335327,-0.6286804676055908,-0.2509543299674988,-0.5443545579910278,-0.2756623923778534,-0.7539620399475098,-0.28077414631843567,-0.8791652321815491,-0.27832043170928955,-1.0,-0.15929792821407318,-0.5537987351417542,-0.15448790788650513,-0.6960803866386414,-0.15093861520290375,-0.5481103658676147,-0.15334314107894897,-0.4439540505409241,-0.06833336502313614,-0.5394135117530823,-0.05224720388650894,-0.6291483640670776,-0.07432006299495697,-0.47733274102211,-0.09752676635980606,-0.3832480013370514,0.015003853477537632,-0.5145882368087769,0.047988276928663254,-0.6977438926696777,0.07755398005247116,-0.8116941452026367,0.09923219680786133,-0.9275228977203369
Help,0.0,0.0,-0.13278919458389282,-0.10769090056419373,-0.2171090841293335,-0.2930471897125244,-0.19936349987983704,-0.4809781014919281,-0.14029639959335327,-0.6286804676055908,-0.2509543299674988,-0.5443545579910278,-0.2756623923778534,-0.7539620399475098,-0.28077414631843567,-0.8791652321815491,-0.27832043170928955,-1.0,-0.15929792821407318,-0.5537987351417542,-0.15448790788650513,-0.6960803866386414,-0.15093861520290375,-0.5481103658676147,-0.15334314107894897,-0.4439540505409241,-0.06833336502313614,-0.5394135117530823,-0.05224720388650894,-0.6291483640670776,-0.07432006299495697,-0.47733274102211,-0.09752676635980606,-0.3832480013370514,0.015003853477537632,-0.5145882368087769,0.047988276928663254,-0.6977438926696777,0.07755398005247116,-0.8116941452026367,0.09923219680786133,-0.9275228977203369
Help,0.0,0.0,-0.13312745094299316,-0.11217714846134186,-0.21253681182861328,-0.2975764870643616,-0.20116101205348969,-0.4845827519893646,-0.1544831246137619,-0.6298001408576965,-0.24788141250610352,-0.5480592846870422,-0.2772448658943176,-0.7525845170021057,-0.28426989912986755,-0.8805160522460938,-0.2817528545856476,-1.0,-0.15626327693462372,-0.5534931421279907,-0.15234605967998505,-0.7054639458656311,-0.15055036544799805,-0.5593785643577576,-0.15624165534973145,-0.44877469539642334,-0.06681463867425919,-0.5368308424949646,-0.05645805597305298,-0.6300585269927979,-0.07774849236011505,-0.4817352592945099,-0.1014728918671608,-0.3905099928379059,0.014146249741315842,-0.5129610300064087,0.0489252507686615,-0.6915655136108398,0.07624676823616028,-0.8023795485496521,0.09307321161031723,-0.9175286889076233
Help,0.0,0.0,-0.1299469918012619,-0.10568609833717346,-0.2135789394378662,-0.28452953696250916,-0.1976008415222168,-0.4727075695991516,-0.1456524282693863,-0.6202259659767151,-0.25015753507614136,-0.5352537631988525,-0.28033584356307983,-0.7481821775436401,-0.28462639451026917,-0.8769587278366089,-0.2820235788822174,-1.0,-0.15966437757015228,-0.545254647731781,-0.1530623584985733,-0.7008906602859497,-0.14923404157161713,-0.5519825220108032,-0.15638576447963715,-0.4428085386753082,-0.06981057673692703,-0.5316662788391113,-0.05228368565440178,-0.6312238574028015,-0.07349774241447449,-0.482141375541687,-0.10074259340763092,-0.38983485102653503,0.012063414789736271,-0.5082711577415466,0.04281904920935631,-0.6900749802589417,0.07247711718082428,-0.8016237020492554,0.09231020510196686,-0.9145435690879822
Help,0.0,0.0,-0.1299469918012619,-0.10568609833717346,-0.2135789394378662,-0.28452953696250916,-0.1976008415222168,-0.4727075695991516,-0.1456524282693863,-0.6202259659767151,-0.25015753507614136,-0.5352537631988525,-0.28033584356307983,-0.7481821775436401,-0.28462639451026917,-0.8769587278366089,-0.2820235788822174,-1.0,-0.15966437757015228,-0.545254647731781,-0.1530623584985733,-0.7008906602859497,-0.14923404157161713,-0.5519825220108032,-0.15638576447963715,-0.4428085386753082,-0.06981057673692703,-0.5316662788391113,-0.05228368565440178,-0.6312238574028015,-0.07349774241447449,-0.482141375541687,-0.10074259340763092,-0.38983485102653503,0.012063414789736271,-0.5082711577415466,0.04281904920935631,-0.6900749802589417,0.07247711718082428,-0.8016237020492554,0.09231020510196686,-0.9145435690879822
Help,0.0,0.0,-0.12905490398406982,-0.10563724488019943,-0.21098491549491882,-0.28912267088890076,-0.20002013444900513,-0.4754318594932556,-0.14709444344043732,-0.6184038519859314,-0.24793246388435364,-0.54300457239151,-0.2749190330505371,-0.7508070468902588,-0.28037774562835693,-0.8776134848594666,-0.2796694338321686,-1.0,-0.15530888736248016,-0.5503218173980713,-0.15086302161216736,-0.7032935619354248,-0.1468946486711502,-0.557726263999939,-0.15627622604370117,-0.4533298909664154,-0.06441529095172882,-0.5333513021469116,-0.05610567331314087,-0.6270479559898376,-0.07393032312393188,-0.4810279607772827,-0.09909846633672714,-0.39367640018463135,0.017510661855340004,-0.5082133412361145,0.05038387328386307,-0.6891536116600037,0.08116735517978668,-0.7992897033691406,0.1003231331706047,-0.9133347868919373
Help,0.0,0.0,-0.13518011569976807,-0.11425673961639404,-0.21527892351150513,-0.29570916295051575,-0.2027117908000946,-0.4839837849140167,-0.1502222865819931,-0.6266399025917053,-0.2440136969089508,-0.5432314872741699,-0.27420949935913086,-0.7520073652267456,-0.2808128595352173,-0.8801712989807129,-0.2756401002407074,-1.0,-0.14981381595134735,-0.5470179915428162,-0.14338111877441406,-0.7016823887825012,-0.14488162100315094,-0.5507644414901733,-0.1513107419013977,-0.4414248764514923,-0.05847327411174774,-0.5307337641716003,-0.04571687430143356,-0.6217529773712158,-0.07368917763233185,-0.4740472733974457,-0.10197810083627701,-0.3836204707622528,0.024260738864541054,-0.5071438550949097,0.05775618925690651,-0.6893324851989746,0.08598174154758453,-0.8057544231414795,0.10521498322486877,-0.9235177040100098
Help,0.0,0.0,-0.13518011569976807,-0.11425673961639404,-0.21527892351150513,-0.29570916295051575,-0.2027117908000946,-0.4839837849140167,-0.1502222865819931,-0.6266399025917053,-0.2440136969089508,-0.5432314872741699,-0.27420949935913086,-0.7520073652267456,-0.2808128595352173,-0.8801712989807129,-0.2756401002407074,-1.0,-0.14981381595134735,-0.5470179915428162,-0.14338111877441406,-0.7016823887825012,-0.14488162100315094,-0.5507644414901733,-0.1513107419013977,-0.4414248764514923,-0.05847327411174774,-0.5307337641716003,-0.04571687430143356,-0.6217529773712158,-0.07368917763233185,-0.4740472733974457,-0.10197810083627701,-0.3836204707622528,0.024260738864541054,-0.5071438550949097,0.05775618925690651,-0.6893324851989746,0.08598174154758453,-0.8057544231414795,0.10521498322486877,-0.9235177040100098
Help,0.0,0.0,-0.13300222158432007,-0.11198101192712784,-0.2161446064710617,-0.2983483672142029,-0.20105914771556854,-0.4868464767932892,-0.14872600138187408,-0.6312708854675293,-0.25036078691482544,-0.5498819351196289,-0.2784711420536041,-0.7560616731643677,-0.284810334444046,-0.881103515625,-0.2814367413520813,-1.0,-0.1573382169008255,-0.5550432205200195,-0.15014822781085968,-0.705738365650177,-0.1511063277721405,-0.5603493452072144,-0.15956294536590576,-0.4553394913673401,-0.0669625848531723,-0.5373402237892151,-0.054240792989730835,-0.6310182809829712,-0.07834706455469131,-0.48415040969848633,-0.10500089824199677,-0.39545515179634094,0.014989031478762627,-0.5114630460739136,0.04655275493860245,-0.6912402510643005,0.07586406171321869,-0.8024504780769348,0.09635218232870102,-0.9176528453826904
Help,0.0,0.0,-0.13211631774902344,-0.1169070452451706,-0.2191784679889679,-0.3006106913089752,-0.20551475882530212,-0.48865360021591187,-0.14361274242401123,-0.630810022354126,-0.24922336637973785,-0.5525549054145813,-0.2778733968734741,-0.7601112723350525,-0.2821667790412903,-0.8830434679985046,-0.27847710251808167,-1.0,-0.15722620487213135,-0.5597389936447144,-0.14981931447982788,-0.7022120356559753,-0.1483071893453598,-0.54728102684021,-0.15553872287273407,-0.44607672095298767,-0.06711577624082565,-0.5427449345588684,-0.054596588015556335,-0.6263895630836487,-0.07471250742673874,-0.47727325558662415,-0.09676118195056915,-0.391549676656723,0.015253839083015919,-0.5172356367111206,0.046184077858924866,-0.697756826877594,0.07424066960811615,-0.8068371415138245,0.09393825381994247,-0.9200304746627808
Help,0.0,0.0,-0.13211631774902344,-0.1169070452451706,-0.2191784679889679,-0.3006106913089752,-0.20551475882530212,-0.48865360021591187,-0.14361274242401123,-0.630810022354126,-0.24922336637973785,-0.5525549054145813,-0.2778733968734741,-0.7601112723350525,-0.2821667790412903,-0.8830434679985046,-0.27847710251808167,-1.0,-0.15722620487213135,-0.5597389936447144,-0.14981931447982788,-0.7022120356559753,-0.1483071893453598,-0.54728102684021,-0.15553872287273407,-0.44607672095298767,-0.06711577624082565,-0.5427449345588684,-0.054596588015556335,-0.6263895630836487,-0.07471250742673874,-0.47727325558662415,-0.09676118195056915,-0.391549676656723,0.015253839083015919,-0.5172356367111206,0.046184077858924866,-0.697756826877594,0.07424066960811615,-0.8068371415138245,0.09393825381994247,-0.9200304746627808
Help,0.0,0.0,-0.13478265702724457,-0.1067960187792778,-0.21471892297267914,-0.29092028737068176,-0.20640170574188232,-0.48274755477905273,-0.15800684690475464,-0.6275808215141296,-0.24743540585041046,-0.5365813970565796,-0.27694880962371826,-0.7498297691345215,-0.28343895077705383,-0.8805954456329346,-0.2819767892360687,-1.0,-0.15597136318683624,-0.5471935272216797,-0.15592077374458313,-0.7094058394432068,-0.1517469584941864,-0.5644355416297913,-0.15711431205272675,-0.45353296399116516,-0.06619374454021454,-0.5352492332458496,-0.05878511071205139,-0.63564133644104,-0.07914070785045624,-0.49060824513435364,-0.10422191023826599,-0.3997689187526703,0.015402620658278465,-0.514637291431427,0.04633355513215065,-0.6949755549430847,0.07478298991918564,-0.8061346411705017,0.09199868142604828,-0.9186261892318726
Help,0.0,0.0,-0.13558460772037506,-0.10946132987737656,-0.21847078204154968,-0.2946028709411621,-0.20218436419963837,-0.48575359582901,-0.1374085396528244,-0.6307721138000488,-0.2506372630596161,-0.5512123107910156,-0.2807373106479645,-0.7578266859054565,-0.2872627377510071,-0.8818936944007874,-0.2822524309158325,-1.0,-0.15638579428195953,-0.5595039129257202,-0.15138547122478485,-0.7067689895629883,-0.15137448906898499,-0.5571914911270142,-0.15484143793582916,-0.448249489068985,-0.06403151899576187,-0.5442460775375366,-0.05290709808468819,-0.6251409649848938,-0.07890050113201141,-0.4704846441745758,-0.10247773677110672,-0.37785300612449646,0.019789258018136024,-0.5184688568115234,0.051698461174964905,-0.6947449445724487,0.0794457495212555,-0.8024062514305115,0.09923303127288818,-0.9147717952728271
Help,0.0,0.0,-0.13558460772037506,-0.10946132987737656,-0.21847078204154968,-0.2946028709411621,-0.20218436419963837,-0.48575359582901,-0.1374085396528244,-0.6307721138000488,-0.2506372630596161,-0.5512123107910156,-0.2807373106479645,-0.7578266859054565,-0.2872627377510071,-0.8818936944007874,-0.2822524309158325,-1.0,-0.15638579428195953,-0.5595039129257202,-0.15138547122478485,-0.7067689895629883,-0.15137448906898499,-0.5571914911270142,-0.15484143793582916,-0.448249489068985,-0.06403151899576187,-0.5442460775375366,-0.05290709808468819,-0.6251409649848938,-0.07890050113201141,-0.4704846441745758,-0.10247773677110672,-0.37785300612449646,0.019789258018136024,-0.5184688568115234,0.051698461174964905,-0.6947449445724487,0.0794457495212555,-0.8024062514305115,0.09923303127288818,-0.9147717952728271
Help,0.0,0.0,-0.1363624483346939,-0.10745223611593246,-0.22040008008480072,-0.2966630458831787,-0.21091033518314362,-0.48587095737457275,-0.15943990647792816,-0.6278654336929321,-0.2512832581996918,-0.538093626499176,-0.2846483886241913,-0.7506367564201355,-0.2927483916282654,-0.8790625333786011,-0.2905435562133789,-1.0,-0.16061703860759735,-0.5479646921157837,-0.15726551413536072,-0.7078076601028442,-0.15737126767635345,-0.56346195936203,-0.1633533537387848,-0.45225510001182556,-0.07069370895624161,-0.5332762598991394,-0.060657620429992676,-0.6244212985038757,-0.08321747183799744,-0.47626739740371704,-0.10725080966949463,-0.38413217663764954,0.01037492137402296,-0.5103719830513,0.04405416548252106,-0.6922953128814697,0.07213166356086731,-0.805446445941925,0.08949857950210571,-0.9208046793937683
Help,0.0,0.0,-0.13475292921066284,-0.1135958805680275,-0.22105692327022552,-0.2980155050754547,-0.21141235530376434,-0.48200780153274536,-0.14999157190322876,-0.6228267550468445,-0.24624797701835632,-0.5483922958374023,-0.2754960060119629,-0.7585394382476807,-0.2828698754310608,-0.8833156824111938,-0.27966687083244324,-1.0,-0.15400515496730804,-0.5527610182762146,-0.15192155539989471,-0.7004711627960205,-0.1546880453824997,-0.5551676154136658,-0.16111336648464203,-0.4505627751350403,-0.06336971372365952,-0.5336208939552307,-0.05950656160712242,-0.6167598962783813,-0.08693836629390717,-0.4673118591308594,-0.11102162301540375,-0.3787795901298523,0.01921740546822548,-0.5087437629699707,0.052062299102544785,-0.6868202090263367,0.08088798075914383,-0.7979862689971924,0.1014612540602684,-0.913740336894989
Help,0.0,0.0,-0.1309330016374588,-0.11598079651594162,-0.20973798632621765,-0.2982446551322937,-0.20092380046844482,-0.4841277599334717,-0.15640830993652344,-0.6284564137458801,-0.24716627597808838,-0.5485603213310242,-0.27533113956451416,-0.7545933127403259,-0.2818984091281891,-0.8811711072921753,-0.27960455417633057,-1.0,-0.15402022004127502,-0.5544939041137695,-0.15006303787231445,-0.7095456719398499,-0.14618217945098877,-0.5591829419136047,-0.1524057686328888,-0.44812214374542236,-0.06285763531923294,-0.537184476852417,-0.05506932735443115,-0.6309876441955566,-0.07483719289302826,-0.48707112669944763,-0.09989569336175919,-0.3977702260017395,0.01853877864778042,-0.5113858580589294,0.0531143844127655,-0.6913788914680481,0.08204814046621323,-0.8015802502632141,0.09878851473331451,-0.913722813129425
Help,0.0,0.0,-0.1309330016374588,-0.11598079651594162,-0.20973798632621765,-0.2982446551322937,-0.20092380046844482,-0.4841277599334717,-0.15640830993652344,-0.6284564137458801,-0.24716627597808838,-0.5485603213310242,-0.27533113956451416,-0.7545933127403259,-0.2818984091281891,-0.8811711072921753,-0.27960455417633057,-1.0,-0.15402022004127502,-0.5544939041137695,-0.15006303787231445,-0.7095456719398499,-0.14618217945098877,-0.5591829419136047,-0.1524057686328888,-0.44812214374542236,-0.06285763531923294,-0.537184476852417,-0.05506932735443115,-0.6309876441955566,-0.07483719289302826,-0.48707112669944763,-0.09989569336175919,-0.3977702260017395,0.01853877864778042,-0.5113858580589294,0.0531143844127655,-0.6913788914680481,0.08204814046621323,-0.8015802502632141,0.09878851473331451,-0.913722813129425
Help,0.0,0.0,-0.13111379742622375,-0.12246695160865784,-0.2140381783246994,-0.3064188063144684,-0.19565679132938385,-0.49187323451042175,-0.13662362098693848,-0.6374793648719788,-0.25192293524742126,-0.5517727136611938,-0.2796653211116791,-0.756583034992218,-0.2837390899658203,-0.8799015879631042,-0.2795356512069702,-1.0,-0.15837408602237701,-0.5578500628471375,-0.15177224576473236,-0.7004405856132507,-0.15059271454811096,-0.5500118136405945,-0.15746276080608368,-0.447087824344635,-0.06587433069944382,-0.5403707027435303,-0.05197874456644058,-0.6295651197433472,-0.07398548722267151,-0.4772234261035919,-0.09796188771724701,-0.38567984104156494,0.01784324459731579,-0.5137102007865906,0.05045516788959503,-0.6934028267860413,0.07993586361408234,-0.8050059676170349,0.10041079670190811,-0.9211006164550781
Help,0.0,0.0,-0.13878831267356873,-0.10679296404123306,-0.2243153154850006,-0.2960221469402313,-0.21190541982650757,-0.4899931848049164,-0.1553974747657776,-0.6364717483520508,-0.26249024271965027,-0.5365704298019409,-0.2953847348690033,-0.7489176988601685,-0.3002709746360779,-0.8776722550392151,-0.2973387837409973,-1.0,-0.17095555365085602,-0.547468900680542,-0.16562475264072418,-0.7158852815628052,-0.1563887894153595,-0.5702043771743774,-0.1568388044834137,-0.45876044034957886,-0.07861008495092392,-0.5354802012443542,-0.06648963689804077,-0.6335256695747375,-0.08528722077608109,-0.4768119156360626,-0.10750345885753632,-0.37885960936546326,0.0060005225241184235,-0.5121835470199585,0.03745333105325699,-0.6929470300674438,0.06554588675498962,-0.8064675331115723,0.08174373209476471,-0.9232650399208069
Help,0.0,0.0,-0.13030925393104553,-0.10584774613380432,-0.2207244336605072,-0.2867227792739868,-0.20704418420791626,-0.47914642095565796,-0.14692619442939758,-0.6278617978096008,-0.25608640909194946,-0.5432055592536926,-0.2836793065071106,-0.7579876780509949,-0.28880923986434937,-0.882273256778717,-0.28676095604896545,-1.0,-0.16306307911872864,-0.5554070472717285,-0.1595144271850586,-0.7017332315444946,-0.15487873554229736,-0.5447286367416382,-0.15796780586242676,-0.4420030117034912,-0.07158952951431274,-0.5433849096298218,-0.05860431492328644,-0.6294478178024292,-0.07832985371351242,-0.4760390520095825,-0.10104357451200485,-0.3857385516166687,0.011799358762800694,-0.520061194896698,0.04157927259802818,-0.7025486826896667,0.07031961530447006,-0.8136599063873291,0.08943478018045425,-0.9286038279533386
Help,0.0,0.0,-0.13495640456676483,-0.10944236069917679,-0.2181801199913025,-0.3034530282020569,-0.20096981525421143,-0.49607938528060913,-0.14268136024475098,-0.6400006413459778,-0.25329962372779846,-0.5473772287368774,-0.2816636860370636,-0.7557139992713928,-0.28971344232559204,-0.8818468451499939,-0.2859191596508026,-1.0,-0.15913628041744232,-0.5514013171195984,-0.15790331363677979,-0.7136518955230713,-0.1588791459798813,-0.5706618428230286,-0.16292716562747955,-0.46272438764572144,-0.0680365115404129,-0.5359726548194885,-0.06159796565771103,-0.6355447769165039,-0.08599089831113815,-0.4883113205432892,-0.10916955769062042,-0.3984646797180176,0.014128162525594234,-0.5131303668022156,0.043573737144470215,-0.6920645833015442,0.0699109360575676,-0.8052940964698792,0.08846049755811691,-0.9237257242202759
Help,0.0,0.0,-0.13107340037822723,-0.10981259495019913,-0.21825261414051056,-0.29232826828956604,-0.2055809497833252,-0.4794136583805084,-0.14743445813655853,-0.624019205570221,-0.25079891085624695,-0.5407757759094238,-0.27986806631088257,-0.7541176676750183,-0.28717103600502014,-0.879713773727417,-0.28607994318008423,-1.0,-0.15873686969280243,-0.5502480864524841,-0.15394327044487,-0.6942470073699951,-0.14939868450164795,-0.5391782522201538,-0.15246759355068207,-0.4351489841938019,-0.0666871964931488,-0.5348897576332092,-0.05215808376669884,-0.6216176152229309,-0.07278985530138016,-0.4684467911720276,-0.09715722501277924,-0.378750205039978,0.017785238102078438,-0.510165274143219,0.046763163059949875,-0.6929783821105957,0.07432854920625687,-0.8061018586158752,0.09333201497793198,-0.9236438274383545
Help,0.0,0.0,-0.13107340037822723,-0.10981259495019913,-0.21825261414051056,-0.29232826828956604,-0.2055809497833252,-0.4794136583805084,-0.14743445813655853,-0.624019205570221,-0.25079891085624695,-0.5407757759094238,-0.27986806631088257,-0.7541176676750183,-0.28717103600502014,-0.879713773727417,-0.28607994318008423,-1.0,-0.15873686969280243,-0.5502480864524841,-0.15394327044487,-0.6942470073699951,-0.14939868450164795,-0.5391782522201538,-0.15246759355068207,-0.4351489841938019,-0.0666871964931488,-0.5348897576332092,-0.05215808376669884,-0.6216176152229309,-0.07278985530138016,-0.4684467911720276,-0.09715722501277924,-0.378750205039978,0.017785238102078438,-0.510165274143219,0.046763163059949875,-0.6929783821105957,0.07432854920625687,-0.8061018586158752,0.09333201497793198,-0.9236438274383545
Help,0.0,0.0,-0.13413211703300476,-0.10836774855852127,-0.21887829899787903,-0.2955774664878845,-0.20351779460906982,-0.4848710298538208,-0.1410050243139267,-0.6192663908004761,-0.25106924772262573,-0.5472100377082825,-0.2803560793399811,-0.752181351184845,-0.2862786054611206,-0.8793553113937378,-0.2827916145324707,-1.0,-0.15562216937541962,-0.5543108582496643,-0.1514056921005249,-0.709716260433197,-0.14681334793567657,-0.5644610524177551,-0.15248697996139526,-0.4531896710395813,-0.06344707310199738,-0.5382496118545532,-0.05654112994670868,-0.6250234246253967,-0.07538445293903351,-0.4760573208332062,-0.09818405658006668,-0.38236257433891296,0.019681481644511223,-0.5129804611206055,0.051313601434230804,-0.6917458772659302,0.08069498836994171,-0.8040532469749451,0.09899938106536865,-0.9191675782203674
Help,0.0,0.0,-0.13855145871639252,-0.10814262926578522,-0.2203862965106964,-0.29884469509124756,-0.1968182623386383,-0.4964320659637451,-0.14364518225193024,-0.6398202180862427,-0.25585106015205383,-0.5397533774375916,-0.2875150442123413,-0.7463160753250122,-0.2938694357872009,-0.876224935054779,-0.29112905263900757,-1.0,-0.16153180599212646,-0.5499482750892639,-0.15959058701992035,-0.7004377245903015,-0.15458202362060547,-0.5567759871482849,-0.15616513788700104,-0.44168585538864136,-0.06923744827508926,-0.5386369824409485,-0.05769720673561096,-0.6325153112411499,-0.08324025571346283,-0.48271241784095764,-0.10895674675703049,-0.3813628554344177,0.014095828868448734,-0.5162767171859741,0.04772236943244934,-0.6955687403678894,0.07911652326583862,-0.8118903636932373,0.10220784693956375,-0.9247037172317505
Help,0.0,0.0,-0.13451330363750458,-0.11504095792770386,-0.2187308520078659,-0.30551791191101074,-0.19640801846981049,-0.49209409952163696,-0.1394585520029068,-0.6355539560317993,-0.2539295256137848,-0.5455135703086853,-0.2833423316478729,-0.750853419303894,-0.28987205028533936,-0.877623975276947,-0.28753161430358887,-1.0,-0.1595279425382614,-0.5527217984199524,-0.15488655865192413,-0.7077562212944031,-0.15381895005702972,-0.5600651502609253,-0.15921226143836975,-0.4496247470378876,-0.06814723461866379,-0.5357643365859985,-0.056121744215488434,-0.6325693726539612,-0.07834124565124512,-0.48427560925483704,-0.10046835243701935,-0.38984164595603943,0.014271934516727924,-0.5096766352653503,0.04608766362071037,-0.6920682787895203,0.07480598241090775,-0.8084927201271057,0.09614904969930649,-0.9263566136360168
Help,0.0,0.0,-0.13452883064746857,-0.11197271198034286,-0.2184295654296875,-0.29761603474617004,-0.21005935966968536,-0.488452285528183,-0.1508382111787796,-0.6236663460731506,-0.24916963279247284,-0.5395787358283997,-0.2802096903324127,-0.7528940439224243,-0.28872910141944885,-0.8825030326843262,-0.2875140309333801,-1.0,-0.1578701138496399,-0.5496242642402649,-0.1600991189479828,-0.7161808013916016,-0.16160577535629272,-0.570034921169281,-0.16945511102676392,-0.4625408351421356,-0.06647489219903946,-0.5361878871917725,-0.06685813516378403,-0.642343282699585,-0.08947838097810745,-0.49645206332206726,-0.11274529248476028,-0.4039713442325592,0.016296090558171272,-0.5143914222717285,0.047074317932128906,-0.6971449255943298,0.07555636018514633,-0.813561737537384,0.093300960958004,-0.9327154755592346
Help,0.0,0.0,-0.13208606839179993,-0.11176718026399612,-0.21616026759147644,-0.2966132164001465,-0.20001961290836334,-0.4860209822654724,-0.1416940987110138,-0.6337334513664246,-0.2545824944972992,-0.5449849367141724,-0.28349724411964417,-0.7538259029388428,-0.28965017199516296,-0.8797010779380798,-0.28698569536209106,-1.0,-0.16112005710601807,-0.5531566739082336,-0.15527257323265076,-0.6999331116676331,-0.15450596809387207,-0.5497767925262451,-0.16012443602085114,-0.44342872500419617,-0.06919123232364655,-0.5391031503677368,-0.05612783879041672,-0.63194340467453,-0.07863275706768036,-0.47870054841041565,-0.10141225159168243,-0.3851289451122284,0.014619666151702404,-0.5160853862762451,0.04615725949406624,-0.6977342963218689,0.07512741535902023,-0.8115026354789734,0.09660732001066208,-0.9280226826667786
Help,0.0,0.0,-0.13076864182949066,-0.10845106095075607,-0.21512813866138458,-0.29256099462509155,-0.20607900619506836,-0.4823159873485565,-0.15584467351436615,-0.6325242519378662,-0.2492564618587494,-0.5425625443458557,-0.2805299162864685,-0.7537400722503662,-0.28740236163139343,-0.8808877468109131,-0.28459692001342773,-1.0,-0.15752223134040833,-0.5493589639663696,-0.15434643626213074,-0.7068704962730408,-0.15392287075519562,-0.5628172159194946,-0.16172337532043457,-0.4570784568786621,-0.06656701862812042,-0.5322011113166809,-0.057790957391262054,-0.6333479881286621,-0.078667551279068,-0.4862086772918701,-0.1026802659034729,-0.3963853716850281,0.016133472323417664,-0.5086208581924438,0.0469105988740921,-0.6909056305885315,0.0761084333062172,-0.8053808808326721,0.09667082875967026,-0.9228479266166687
Help,0.0,0.0,-0.13076864182949066,-0.10845106095075607,-0.21512813866138458,-0.29256099462509155,-0.20607900619506836,-0.4823159873485565,-0.15584467351436615,-0.6325242519378662,-0.2492564618587494,-0.5425625443458557,-0.2805299162864685,-0.7537400722503662,-0.28740236163139343,-0.8808877468109131,-0.28459692001342773,-1.0,-0.15752223134040833,-0.5493589639663696,-0.15434643626213074,-0.7068704962730408,-0.15392287075519562,-0.5628172159194946,-0.16172337532043457,-0.4570784568786621,-0.06656701862812042,-0.5322011113166809,-0.057790957391262054,-0.6333479881286621,-0.078667551279068,-0.4862086772918701,-0.1026802659034729,-0.3963853716850281,0.016133472323417664,-0.5086208581924438,0.0469105988740921,-0.6909056305885315,0.0761084333062172,-0.8053808808326721,0.09667082875967026,-0.9228479266166687
Help,0.0,0.0,-0.1345987319946289,-0.10798320174217224,-0.2231188416481018,-0.28906163573265076,-0.21284732222557068,-0.4768247902393341,-0.15735596418380737,-0.6271141171455383,-0.2574571967124939,-0.5503823757171631,-0.2896605432033539,-0.7601886987686157,-0.29655516147613525,-0.8842399716377258,-0.29295235872268677,-1.0,-0.16729767620563507,-0.5581192970275879,-0.16244655847549438,-0.7068081498146057,-0.16000637412071228,-0.5576501488685608,-0.16289786994457245,-0.4523649215698242,-0.07622183114290237,-0.5425863265991211,-0.06275098770856857,-0.63181471824646,-0.08619365841150284,-0.47887107729911804,-0.11058665066957474,-0.3877659738063812,0.007279285229742527,-0.5164493322372437,0.03894257918000221,-0.6929709911346436,0.06632271409034729,-0.8030402660369873,0.08430929481983185,-0.9187195897102356
Help,0.0,0.0,-0.13426560163497925,-0.11115539819002151,-0.21789081394672394,-0.3043329119682312,-0.19694718718528748,-0.4914145767688751,-0.13458772003650665,-0.6255596280097961,-0.24818161129951477,-0.5489791631698608,-0.27757540345191956,-0.758063018321991,-0.28502902388572693,-0.8820304274559021,-0.2838136553764343,-1.0,-0.15486842393875122,-0.5555806159973145,-0.15413600206375122,-0.7086577415466309,-0.15455152094364166,-0.5552839636802673,-0.16064324975013733,-0.45430871844291687,-0.06352037191390991,-0.5378281474113464,-0.058934349566698074,-0.6253560781478882,-0.07711736857891083,-0.4764666259288788,-0.09670191258192062,-0.3895964026451111,0.019498921930789948,-0.5119742155075073,0.04879618063569069,-0.6956900954246521,0.07550371438264847,-0.8071566820144653,0.09221946448087692,-0.9221511483192444
Help,0.0,0.0,-0.13426560163497925,-0.11115539819002151,-0.21789081394672394,-0.3043329119682312,-0.19694718718528748,-0.4914145767688751,-0.13458772003650665,-0.6255596280097961,-0.24818161129951477,-0.5489791631698608,-0.27757540345191956,-0.758063018321991,-0.28502902388572693,-0.8820304274559021,-0.2838136553764343,-1.0,-0.15486842393875122,-0.5555806159973145,-0.15413600206375122,-0.7086577415466309,-0.15455152094364166,-0.5552839636802673,-0.16064324975013733,-0.45430871844291687,-0.06352037191390991,-0.5378281474113464,-0.058934349566698074,-0.6253560781478882,-0.07711736857891083,-0.4764666259288788,-0.09670191258192062,-0.3895964026451111,0.019498921930789948,-0.5119742155075073,0.04879618063569069,-0.6956900954246521,0.07550371438264847,-0.8071566820144653,0.09221946448087692,-0.9221511483192444
Help,0.0,0.0,-0.1376923769712448,-0.10551786422729492,-0.22271926701068878,-0.2946754992008209,-0.2086351066827774,-0.48632267117500305,-0.1515713632106781,-0.6263051629066467,-0.2558743357658386,-0.5411527156829834,-0.2887326180934906,-0.75417560338974,-0.2965371906757355,-0.8811154961585999,-0.29591166973114014,-1.0,-0.164265975356102,-0.550652801990509,-0.16625455021858215,-0.7054041028022766,-0.1628909558057785,-0.5659242272377014,-0.1657077819108963,-0.4583622217178345,-0.0732959657907486,-0.5374038219451904,-0.06831543147563934,-0.6269725561141968,-0.09046220779418945,-0.47976696491241455,-0.11329654604196548,-0.38459035754203796,0.00979130994528532,-0.5151431560516357,0.042961884289979935,-0.6963032484054565,0.07066049426794052,-0.812903106212616,0.08772866427898407,-0.9299063682556152
Help,0.0,0.0,-0.13297368586063385,-0.11846037209033966,-0.21791622042655945,-0.30141109228134155,-0.20490910112857819,-0.49057736992836,-0.14402982592582703,-0.6338246464729309,-0.25281989574432373,-0.5479478240013123,-0.2828769385814667,-0.7550356388092041,-0.2896537184715271,-0.8812670707702637,-0.28532662987709045,-1.0,-0.1595665067434311,-0.5544902086257935,-0.15959656238555908,-0.7130323648452759,-0.15865124762058258,-0.5664086937904358,-0.16258642077445984,-0.45539045333862305,-0.06902530789375305,-0.5384702086448669,-0.06448478251695633,-0.6310659050941467,-0.0865369588136673,-0.4834088683128357,-0.10769084841012955,-0.39080652594566345,0.013904440216720104,-0.5142708420753479,0.044938407838344574,-0.695437490940094,0.07340136915445328,-0.8101323246955872,0.09310093522071838,-0.9276663661003113
Help,0.0,0.0,-0.13297368586063385,-0.11846037209033966,-0.21791622042655945,-0.30141109228134155,-0.20490910112857819,-0.49057736992836,-0.14402982592582703,-0.6338246464729309,-0.25281989574432373,-0.5479478240013123,-0.2828769385814667,-0.7550356388092041,-0.2896537184715271,-0.8812670707702637,-0.28532662987709045,-1.0,-0.1595665067434311,-0.5544902086257935,-0.15959656238555908,-0.7130323648452759,-0.15865124762058258,-0.5664086937904358,-0.16258642077445984,-0.45539045333862305,-0.06902530789375305,-0.5384702086448669,-0.06448478251695633,-0.6310659050941467,-0.0865369588136673,-0.4834088683128357,-0.10769084841012955,-0.39080652594566345,0.013904440216720104,-0.5142708420753479,0.044938407838344574,-0.695437490940094,0.07340136915445328,-0.8101323246955872,0.09310093522071838,-0.9276663661003113
Help,0.0,0.0,-0.13548967242240906,-0.10778672993183136,-0.22504647076129913,-0.2960968017578125,-0.21116003394126892,-0.4865398705005646,-0.14936110377311707,-0.6311229467391968,-0.2600681185722351,-0.5454452633857727,-0.29063940048217773,-0.7533003091812134,-0.3002627491950989,-0.8767312169075012,-0.29998940229415894,-1.0,-0.1657869964838028,-0.5552412271499634,-0.16583526134490967,-0.7028740644454956,-0.16642478108406067,-0.5517427325248718,-0.16873067617416382,-0.4483174681663513,-0.07410974055528641,-0.5403557419776917,-0.07050290703773499,-0.623731255531311,-0.09601225703954697,-0.4678293764591217,-0.11763404309749603,-0.37509608268737793,0.00866728276014328,-0.5166073441505432,0.03835415095090866,-0.6976666450500488,0.06780904531478882,-0.8109722137451172,0.09008414298295975,-0.9279888272285461
Help,0.0,0.0,-0.1332041174173355,-0.10804709047079086,-0.2219107747077942,-0.292104572057724,-0.21104668080806732,-0.48182979226112366,-0.15659017860889435,-0.6297028064727783,-0.2610332667827606,-0.5449594855308533,-0.2938615679740906,-0.7526038289070129,-0.3003268241882324,-0.8790754079818726,-0.2996062636375427,-1.0,-0.16778449714183807,-0.557611346244812,-0.16540010273456573,-0.705851674079895,-0.1589205414056778,-0.5500248670578003,-0.16446512937545776,-0.44262298941612244,-0.07507875561714172,-0.5428569316864014,-0.06534478068351746,-0.6314756870269775,-0.08231611549854279,-0.47844234108924866,-0.10544592887163162,-0.3871860206127167,0.008653064258396626,-0.5180716514587402,0.03798960894346237,-0.7017315030097961,0.06531013548374176,-0.8136354684829712,0.08206456154584885,-0.9288710355758667
Nurse,0.0,0.0,-0.16275708377361298,-0.19472642242908478,-0.24929212033748627,-0.567047655582428,-0.33273065090179443,-0.8376907110214233,-0.463131308555603,-1.0,0.056498944759368896,-0.7645267844200134,0.2033446580171585,-0.799480676651001,0.09389860183000565,-0.5841397643089294,0.027810489758849144,-0.5163621306419373,0.21401582658290863,-0.6167116761207581,0.33196330070495605,-0.6313849091529846,0.18076376616954803,-0.41196152567863464,0.10794516652822495,-0.3729642629623413,0.33338692784309387,-0.4525493383407593,0.4186743497848511,-0.45122820138931274,0.270706444978714,-0.2647821605205536,0.1854265183210373,-0.23834802210330963,0.42326468229293823,-0.28409209847450256,0.48404282331466675,-0.2856641113758087,0.35096919536590576,-0.14945223927497864,0.25503069162368774,-0.13634325563907623
Nurse,0.0,0.0,-0.1665630340576172,-0.23821184039115906,-0.24683532118797302,-0.6052768230438232,-0.3312082290649414,-0.8594386577606201,-0.4692881107330322,-1.0,0.02180388942360878,-0.785179853439331,0.20582865178585052,-0.815839409828186,0.09454689174890518,-0.5949018001556396,0.015127467922866344,-0.5539592504501343,0.18800611793994904,-0.646856427192688,0.31636568903923035,-0.6636508107185364,0.1629684418439865,-0.4374094009399414,0.08928188681602478,-0.4360886812210083,0.3182065784931183,-0.49807974696159363,0.40985894203186035,-0.49348098039627075,0.25817766785621643,-0.3020972013473511,0.17708607017993927,-0.30392763018608093,0.41521310806274414,-0.34628206491470337,0.4782721996307373,-0.33433714509010315,0.344259113073349,-0.20559953153133392,0.2576332688331604,-0.21398712694644928
Nurse,0.0,0.0,-0.174097940325737,-0.29855623841285706,-0.26824867725372314,-0.668988049030304,-0.3632719814777374,-0.92368483543396,-0.5255421996116638,-1.0,-0.04539814963936806,-0.8219436407089233,0.10772322118282318,-0.944529116153717,0.015561246313154697,-0.7231006622314453,-0.053282760083675385,-0.6781224012374878,0.10047050565481186,-0.69349205493927,0.23132656514644623,-0.8203210830688477,0.10944761335849762,-0.577621340751648,0.04536460340023041,-0.5492234826087952,0.2216232270002365,-0.5551736354827881,0.3124459385871887,-0.6502029895782471,0.18613450229167938,-0.43722859025001526,0.11199195683002472,-0.3983694911003113,0.3124690055847168,-0.40812358260154724,0.379648357629776,-0.4911564290523529,0.27523282170295715,-0.35559263825416565,0.20739956200122833,-0.31862229108810425
Nurse,0.0,0.0,-0.192484050989151,-0.31268811225891113,-0.31472817063331604,-0.6810100674629211,-0.4269174635410309,-0.9359522461891174,-0.5989068746566772,-1.0,-0.039745911955833435,-0.8428341150283813,0.10680552572011948,-0.9737359285354614,-0.0005726641393266618,-0.7411331534385681,-0.07323898375034332,-0.6650466322898865,0.11109249293804169,-0.6978414058685303,0.2260153442621231,-0.8375194668769836,0.08236613124608994,-0.5785670280456543,0.01553677674382925,-0.5218796730041504,0.23710264265537262,-0.5508099794387817,0.32174843549728394,-0.6572566032409668,0.17081230878829956,-0.42307543754577637,0.08453937619924545,-0.3526276648044586,0.3341318964958191,-0.3964804410934448,0.3958496153354645,-0.4934231638908386,0.27192550897598267,-0.34111008048057556,0.19592712819576263,-0.2846859395503998
Nurse,0.0,0.0,-0.1980760097503662,-0.30287274718284607,-0.3066684603691101,-0.6714087724685669,-0.38968756794929504,-0.9179477095603943,-0.5340616703033447,-0.9921700954437256,-0.015379801392555237,-0.8400042653083801,0.04811117425560951,-1.0,-0.041163768619298935,-0.7732380032539368,-0.07331796735525131,-0.6695002913475037,0.12362679839134216,-0.7200574278831482,0.1709548681974411,-0.8893792629241943,0.04481165483593941,-0.632807195186615,0.014579877257347107,-0.5408902168273926,0.24238967895507812,-0.5816833972930908,0.27197226881980896,-0.7280519604682922,0.13189813494682312,-0.49599891901016235,0.07979093492031097,-0.3996334671974182,0.3384915590286255,-0.41768649220466614,0.3556439280509949,-0.5486050248146057,0.22326911985874176,-0.41078439354896545,0.15713319182395935,-0.335538387298584
Nurse,0.0,0.0,-0.1728270947933197,-0.339886337518692,-0.2413049191236496,-0.6411231756210327,-0.23999202251434326,-0.8721004724502563,-0.205342635512352,-1.0,0.07636716216802597,-0.9327787160873413,-0.2038736641407013,-0.9876250624656677,-0.27855172753334045,-0.779345691204071,-0.2294205278158188,-0.6993284821510315,0.17365290224552155,-0.8148127794265747,-0.1526530385017395,-0.8473317623138428,-0.22673757374286652,-0.6265785098075867,-0.17209048569202423,-0.5618030428886414,0.22127334773540497,-0.6448919773101807,-0.1044437438249588,-0.6424821019172668,-0.1800367832183838,-0.45828646421432495,-0.13276295363903046,-0.4263565242290497,0.23060107231140137,-0.459002822637558,-0.04451141133904457,-0.4240700602531433,-0.09878776222467422,-0.30929848551750183,-0.052006907761096954,-0.2838529646396637
Nurse,0.0,0.0,-0.11557795107364655,-0.30118831992149353,-0.12677760422229767,-0.6298208236694336,-0.09427078813314438,-0.8675277829170227,-0.02422034926712513,-1.0,0.18943457305431366,-0.7556887865066528,-0.0519278347492218,-0.8090726137161255,-0.11887338757514954,-0.6575026512145996,-0.060274817049503326,-0.5963637828826904,0.27428746223449707,-0.600494921207428,-0.034603044390678406,-0.6263352036476135,-0.07462973147630692,-0.47677624225616455,0.004127722233533859,-0.42579618096351624,0.29864972829818726,-0.41496190428733826,0.004135956987738609,-0.419757604598999,-0.03838299214839935,-0.30352815985679626,0.04010041803121567,-0.28264039754867554,0.28951066732406616,-0.23182137310504913,0.03822021186351776,-0.2102510929107666,0.0003615634923335165,-0.14303168654441833,0.0702371597290039,-0.13191093504428864
Nurse,0.0,0.0,-0.10044516623020172,-0.32118335366249084,-0.0893685594201088,-0.6505110859870911,-0.043343059718608856,-0.8738598227500916,0.023299137130379677,-1.0,0.2551758289337158,-0.7257933020591736,0.028684919700026512,-0.8010831475257874,-0.05624792352318764,-0.668160617351532,0.0006690485752187669,-0.6140965819358826,0.3428637683391571,-0.5461518168449402,0.049292631447315216,-0.5869745016098022,-0.013915468007326126,-0.4618522822856903,0.06313662230968475,-0.42002519965171814,0.36052441596984863,-0.34118780493736267,0.07391151040792465,-0.3597376048564911,0.006888700649142265,-0.265363484621048,0.07827692478895187,-0.24702928960323334,0.3452114760875702,-0.14354431629180908,0.10541381686925888,-0.1437763124704361,0.050091348588466644,-0.09147628396749496,0.11050842702388763,-0.07993040978908539
Nurse,0.0,0.0,-0.01801423728466034,-0.2908490300178528,0.07635625451803207,-0.5838939547538757,0.15459874272346497,-0.8079012036323547,0.15665198862552643,-1.0,0.4233919084072113,-0.5722911953926086,0.34990206360816956,-0.5843043327331543,0.2099001705646515,-0.4738444983959198,0.1798308789730072,-0.4285133481025696,0.5119927525520325,-0.3731144964694977,0.38808324933052063,-0.380439430475235,0.21511311829090118,-0.30514439940452576,0.1950843185186386,-0.29062020778656006,0.528866171836853,-0.15589860081672668,0.4007406532764435,-0.16130761802196503,0.23714953660964966,-0.12910176813602448,0.21892613172531128,-0.13813652098178864,0.505280613899231,0.053056202828884125,0.4035346210002899,0.04894663393497467,0.27275824546813965,0.028162391856312752,0.24335861206054688,-0.006368308328092098
Nurse,0.0,0.0,-0.03217925876379013,-0.2863504886627197,0.038823552429676056,-0.5803806185722351,0.1008927971124649,-0.8077102899551392,0.11084946244955063,-1.0,0.3429074287414551,-0.5442120432853699,0.37054747343063354,-0.6073786020278931,0.22977446019649506,-0.4926486313343048,0.1654212772846222,-0.4316425025463104,0.4206540584564209,-0.3501513600349426,0.4290955066680908,-0.41554853320121765,0.2560847997665405,-0.31520625948905945,0.20259341597557068,-0.2813742756843567,0.44976601004600525,-0.14633843302726746,0.4547373354434967,-0.19518885016441345,0.2855217754840851,-0.13335266709327698,0.22948919236660004,-0.12747131288051605,0.4467846751213074,0.05709747225046158,0.4384365379810333,0.04130855202674866,0.30235180258750916,0.039400532841682434,0.24825899302959442,0.011263706721365452
Nurse,0.0,0.0,-0.016414793208241463,-0.3057430684566498,0.07736615091562271,-0.5989070534706116,0.14209459722042084,-0.8264801502227783,0.11158625781536102,-1.0,0.3239005506038666,-0.5644096732139587,0.4162704348564148,-0.595861554145813,0.2541530430316925,-0.4788881838321686,0.22868086397647858,-0.46634992957115173,0.3844975233078003,-0.3658939003944397,0.458598256111145,-0.4085547626018524,0.2612167000770569,-0.31681859493255615,0.25411009788513184,-0.33587953448295593,0.4147147238254547,-0.16662584245204926,0.4823802411556244,-0.19755610823631287,0.2867315709590912,-0.14107432961463928,0.25814393162727356,-0.15757884085178375,0.4202466607093811,0.0179591104388237,0.4752659201622009,0.0005673953564837575,0.337307870388031,0.007593006826937199,0.29657259583473206,-0.014086824841797352
Nurse,0.0,0.0,-0.00398086616769433,-0.298850417137146,0.09914102405309677,-0.591858446598053,0.17587198317050934,-0.8159011006355286,0.14774589240550995,-1.0,0.3470117747783661,-0.5101689696311951,0.48175472021102905,-0.5161756277084351,0.3135962188243866,-0.44244974851608276,0.27974167466163635,-0.4535735845565796,0.3866669535636902,-0.3151830732822418,0.4928828775882721,-0.3280941843986511,0.29079166054725647,-0.27409660816192627,0.28187960386276245,-0.302558034658432,0.40811923146247864,-0.12624065577983856,0.49844521284103394,-0.1452896147966385,0.30114927887916565,-0.11266198754310608,0.2698110342025757,-0.13145215809345245,0.4113580882549286,0.050305288285017014,0.4879450798034668,0.029086345806717873,0.3472670614719391,0.0270055141299963,0.300978422164917,0.008463994599878788
Nurse,0.0,0.0,0.0007063819211907685,-0.2936418950557709,0.09623837471008301,-0.5846464037895203,0.16514316201210022,-0.8074935674667358,0.17042280733585358,-1.0,0.39603039622306824,-0.5472264885902405,0.4732615649700165,-0.49228984117507935,0.3165924549102783,-0.40718692541122437,0.2706180214881897,-0.4213143587112427,0.44873368740081787,-0.34871798753738403,0.482898086309433,-0.28208887577056885,0.2958739399909973,-0.22888332605361938,0.2716258764266968,-0.2854655086994171,0.4635051488876343,-0.1453387588262558,0.47966134548187256,-0.09063345938920975,0.2964758574962616,-0.07111241668462753,0.2539951801300049,-0.12984007596969604,0.4537556767463684,0.04732779785990715,0.4776831269264221,0.07937979698181152,0.3356262147426605,0.06656970083713531,0.28169089555740356,0.012160807847976685
Nurse,0.0,0.0,-0.1403435915708542,-0.32844552397727966,-0.16526594758033752,-0.6364436149597168,-0.15581169724464417,-0.8493543267250061,-0.1423884779214859,-1.0,0.011717578396201134,-0.7565287947654724,-0.2672092020511627,-0.6882052421569824,-0.24200233817100525,-0.6026610136032104,-0.15441156923770905,-0.6108748316764832,0.0748877078294754,-0.5762101411819458,-0.2610799968242645,-0.4814797341823578,-0.1908780038356781,-0.43668636679649353,-0.09349346905946732,-0.45823413133621216,0.10408809036016464,-0.36534205079078674,-0.21564501523971558,-0.3050709366798401,-0.15146754682064056,-0.2658873498439789,-0.059318989515304565,-0.28009891510009766,0.098948173224926,-0.1472892016172409,-0.14939838647842407,-0.10783566534519196,-0.09709374606609344,-0.09720806032419205,-0.0020189497154206038,-0.12037383019924164
Nurse,0.0,0.0,-0.15671439468860626,-0.32310038805007935,-0.2419367879629135,-0.6308192014694214,-0.268649697303772,-0.8500351309776306,-0.23491650819778442,-1.0,-0.08943140506744385,-0.7776678204536438,-0.40841832756996155,-0.6762974858283997,-0.36803483963012695,-0.5546168088912964,-0.2732625901699066,-0.5566086769104004,-0.03736817464232445,-0.6032888889312744,-0.40058770775794983,-0.45666220784187317,-0.3118869662284851,-0.3887413442134857,-0.21234044432640076,-0.4156351089477539,-0.01191240455955267,-0.3912653923034668,-0.3444712162017822,-0.2576884925365448,-0.26340076327323914,-0.21592865884304047,-0.16823533177375793,-0.2405552864074707,-0.004614405799657106,-0.16203004121780396,-0.27127498388290405,-0.07981360703706741,-0.21016474068164825,-0.06968122720718384,-0.11813057959079742,-0.09406394511461258
Nurse,0.0,0.0,-0.1769469976425171,-0.2814770042896271,-0.2868003845214844,-0.6044811606407166,-0.29976698756217957,-0.8422945141792297,-0.24913741648197174,-1.0,-0.10770639777183533,-0.7851434350013733,-0.485769659280777,-0.6539189219474792,-0.43587031960487366,-0.4972763657569885,-0.31756502389907837,-0.4875587522983551,-0.031643301248550415,-0.5885144472122192,-0.44642654061317444,-0.4182576835155487,-0.3789273500442505,-0.3077976703643799,-0.25332918763160706,-0.32092586159706116,0.0033365117851644754,-0.34988465905189514,-0.38659408688545227,-0.19765791296958923,-0.3238314092159271,-0.1151641234755516,-0.2027956247329712,-0.13805295526981354,0.014704612083733082,-0.10163962095975876,-0.30086150765419006,0.015034571290016174,-0.24821819365024567,0.05398228392004967,-0.13268664479255676,0.010552825406193733
Nurse,0.0,0.0,-0.13140243291854858,-0.26606011390686035,-0.25490307807922363,-0.5797958374023438,-0.29797160625457764,-0.8189236521720886,-0.25418293476104736,-1.0,-0.1156688928604126,-0.814997673034668,-0.5070990324020386,-0.6762365698814392,-0.43759047985076904,-0.5070352554321289,-0.3189292252063751,-0.5094135403633118,-0.04812363162636757,-0.631577730178833,-0.4707753360271454,-0.44630175828933716,-0.3732748031616211,-0.34399309754371643,-0.253670334815979,-0.3833000361919403,-0.020728066563606262,-0.3989366292953491,-0.41177353262901306,-0.2392122745513916,-0.3228232264518738,-0.15235942602157593,-0.20706945657730103,-0.1934506893157959,-0.015326347202062607,-0.15250934660434723,-0.32680079340934753,-0.03319051116704941,-0.25620347261428833,0.0080665098503232,-0.1426343321800232,-0.04519321769475937
Nurse,0.0,0.0,-0.13913731276988983,-0.285638689994812,-0.20470786094665527,-0.6038706302642822,-0.2068142145872116,-0.8326810002326965,-0.14785411953926086,-1.0,-0.05703176558017731,-0.8135491013526917,-0.36896950006484985,-0.7233048677444458,-0.32243460416793823,-0.5499197840690613,-0.22452522814273834,-0.5368596911430359,-0.0012185006635263562,-0.6513368487358093,-0.3584213852882385,-0.5128980875015259,-0.27840885519981384,-0.397704154253006,-0.1796504706144333,-0.4099687933921814,0.01959313079714775,-0.44780248403549194,-0.3218781650066376,-0.3221319913864136,-0.25334063172340393,-0.22747254371643066,-0.15996195375919342,-0.2459338903427124,0.017159078270196915,-0.22366979718208313,-0.27025213837623596,-0.14621783792972565,-0.21647100150585175,-0.09879827499389648,-0.12003723531961441,-0.1207621619105339
Nurse,0.0,0.0,-0.12491735070943832,-0.3212989270687103,-0.1501908153295517,-0.632183313369751,-0.13637247681617737,-0.8490869998931885,-0.07762205600738525,-1.0,0.023792417719960213,-0.7803811430931091,-0.26147663593292236,-0.7312890887260437,-0.2360197901725769,-0.5792918801307678,-0.14852167665958405,-0.5529879331588745,0.0672982782125473,-0.6129615306854248,-0.2624747157096863,-0.5389127731323242,-0.1987924724817276,-0.44484397768974304,-0.10841838270425797,-0.44337907433509827,0.07913599908351898,-0.417316198348999,-0.2360938936471939,-0.3527142405509949,-0.18174929916858673,-0.2738823890686035,-0.09574677050113678,-0.27840596437454224,0.06326499581336975,-0.20999765396118164,-0.19173265993595123,-0.17300069332122803,-0.1440759301185608,-0.1341085582971573,-0.05514954403042793,-0.13834579288959503
Nurse,0.0,0.0,-0.10796630382537842,-0.32828283309936523,-0.10961198061704636,-0.6320480108261108,-0.07405252009630203,-0.8439783453941345,-0.002384176943451166,-1.0,0.09650246053934097,-0.6923253536224365,-0.19294260442256927,-0.6902980208396912,-0.17635773122310638,-0.5460971593856812,-0.08280345797538757,-0.5087477564811707,0.1383138746023178,-0.49602895975112915,-0.1996830701828003,-0.47914835810661316,-0.14676539599895477,-0.3959357440471649,-0.0437387116253376,-0.3701183497905731,0.14150100946426392,-0.29375529289245605,-0.18206210434436798,-0.29136037826538086,-0.12713409960269928,-0.21593552827835083,-0.02392694540321827,-0.2037726193666458,0.11760184913873672,-0.0929894968867302,-0.1369050145149231,-0.10619263350963593,-0.09040580689907074,-0.05876002460718155,0.009966733865439892,-0.046004101634025574
Nurse,0.0,0.0,-0.10796630382537842,-0.32828283309936523,-0.10961198061704636,-0.6320480108261108,-0.07405252009630203,-0.8439783453941345,-0.002384176943451166,-1.0,0.09650246053934097,-0.6923253536224365,-0.19294260442256927,-0.6902980208396912,-0.17635773122310638,-0.5460971593856812,-0.08280345797538757,-0.5087477564811707,0.1383138746023178,-0.49602895975112915,-0.1996830701828003,-0.47914835810661316,-0.14676539599895477,-0.3959357440471649,-0.0437387116253376,-0.3701183497905731,0.14150100946426392,-0.29375529289245605,-0.18206210434436798,-0.29136037826538086,-0.12713409960269928,-0.21593552827835083,-0.02392694540321827,-0.2037726193666458,0.11760184913873672,-0.0929894968867302,-0.1369050145149231,-0.10619263350963593,-0.09040580689907074,-0.05876002460718155,0.009966733865439892,-0.046004101634025574
Nurse,0.0,0.0,-0.09368005394935608,-0.34441298246383667,-0.09679350256919861,-0.6319794058799744,-0.06767550855875015,-0.8435588479042053,-0.009460275061428547,-1.0,0.09394469857215881,-0.6888852119445801,-0.1842917948961258,-0.681708574295044,-0.17910923063755035,-0.5645745992660522,-0.09741003811359406,-0.5395862460136414,0.12683841586112976,-0.5022117495536804,-0.20573090016841888,-0.4720839262008667,-0.15336628258228302,-0.40020039677619934,-0.06620319932699203,-0.3925882875919342,0.1243002638220787,-0.3028593063354492,-0.1939656138420105,-0.2842247486114502,-0.144696906208992,-0.22785025835037231,-0.06428086012601852,-0.22095586359500885,0.09118124097585678,-0.10642725974321365,-0.1597835123538971,-0.09621239453554153,-0.12009745836257935,-0.07404018193483353,-0.04178274795413017,-0.07281538844108582
Nurse,0.0,0.0,-0.1063554510474205,-0.3436806797981262,-0.1085536852478981,-0.6345776915550232,-0.06601627916097641,-0.8454574942588806,0.012427058070898056,-1.0,0.10289954394102097,-0.651353657245636,-0.19217757880687714,-0.6434680819511414,-0.1841600388288498,-0.5116825103759766,-0.09827575832605362,-0.48993730545043945,0.13797257840633392,-0.4452345669269562,-0.20990245044231415,-0.4218035936355591,-0.15826386213302612,-0.3527895212173462,-0.06612753868103027,-0.34698447585105896,0.13646654784679413,-0.23914071917533875,-0.19644956290721893,-0.2263186126947403,-0.14577314257621765,-0.1674315631389618,-0.052489202469587326,-0.16195745766162872,0.11010115593671799,-0.04364402964711189,-0.15474970638751984,-0.033580370247364044,-0.1166587546467781,-0.00448610121384263,-0.02900868095457554,0.00016336573753505945
Nurse,0.0,0.0,-0.08872299641370773,-0.3302924335002899,-0.0901678055524826,-0.6142667531967163,-0.06234554573893547,-0.8281533718109131,-0.009009419940412045,-1.0,0.09622377902269363,-0.6144809722900391,-0.18286322057247162,-0.5948876738548279,-0.18166540563106537,-0.504789412021637,-0.10028533637523651,-0.5009997487068176,0.12978054583072662,-0.4171872138977051,-0.21248753368854523,-0.38510313630104065,-0.16738495230674744,-0.32632848620414734,-0.08031737804412842,-0.3273431658744812,0.12236473709344864,-0.21641425788402557,-0.20310188829898834,-0.19880211353302002,-0.1646237075328827,-0.15556253492832184,-0.08719897270202637,-0.15317149460315704,0.0823037326335907,-0.030369717627763748,-0.17911377549171448,-0.010220902040600777,-0.14928919076919556,0.0025964851956814528,-0.07611032575368881,-0.0012829318875446916
Nurse,0.0,0.0,-0.11431027203798294,-0.3022921681404114,-0.1285095065832138,-0.606095016002655,-0.08720390498638153,-0.8247409462928772,-0.015551437623798847,-1.0,0.07317032665014267,-0.6067517995834351,-0.22778882086277008,-0.5669252276420593,-0.21649684011936188,-0.4370879530906677,-0.12274237722158432,-0.41259199380874634,0.11641818284988403,-0.39630672335624695,-0.2329643964767456,-0.3564789593219757,-0.18571972846984863,-0.28581503033638,-0.0904916301369667,-0.2743256092071533,0.11981984227895737,-0.18465280532836914,-0.20887336134910583,-0.15786319971084595,-0.16963820159435272,-0.09294883906841278,-0.07935000211000443,-0.08230177313089371,0.10059405863285065,0.014511196874082088,-0.15931090712547302,0.037447456270456314,-0.12414765357971191,0.07572003453969955,-0.03569168597459793,0.08892863988876343
Nurse,0.0,0.0,-0.10441724956035614,-0.3312165141105652,-0.11942682415246964,-0.6159233450889587,-0.09684832394123077,-0.8320183157920837,-0.04240017011761665,-1.0,0.058628376573324203,-0.6133806109428406,-0.22251830995082855,-0.5781167149543762,-0.20555420219898224,-0.46963801980018616,-0.11733947694301605,-0.4598495066165924,0.09998061507940292,-0.41960594058036804,-0.23050972819328308,-0.3717237412929535,-0.17020530998706818,-0.3208795487880707,-0.08329833298921585,-0.32362064719200134,0.10343104600906372,-0.2202477753162384,-0.20958074927330017,-0.18679720163345337,-0.15674428641796112,-0.14813920855522156,-0.07368207722902298,-0.1481369435787201,0.07774494588375092,-0.032482948154211044,-0.16874559223651886,-0.00991523452103138,-0.12452854216098785,0.00019880133913829923,-0.04356176033616066,-0.0016107023693621159
Nurse,0.0,0.0,-0.09693966805934906,-0.31696784496307373,-0.10842539370059967,-0.5929903984069824,-0.08751877397298813,-0.8106037974357605,-0.028267551213502884,-1.0,0.07058482617139816,-0.5816888809204102,-0.22410191595554352,-0.5260934829711914,-0.22386698424816132,-0.4289197325706482,-0.13125582039356232,-0.4343322813510895,0.11188839375972748,-0.36547043919563293,-0.23648828268051147,-0.3156658709049225,-0.19806553423404694,-0.2660433053970337,-0.11078590899705887,-0.2748022675514221,0.10989148169755936,-0.1602194905281067,-0.22167037427425385,-0.1254376322031021,-0.19117134809494019,-0.09126102924346924,-0.11221218854188919,-0.09993459284305573,0.07649549841880798,0.01728852465748787,-0.19096460938453674,0.05773629993200302,-0.1687588393688202,0.0707542672753334,-0.09817593544721603,0.062209006398916245
Nurse,0.0,0.0,-0.10040565580129623,-0.2175760716199875,-0.08149677515029907,-0.5592232346534729,-0.025695448741316795,-0.7832697629928589,0.03305307403206825,-1.0,0.1294381469488144,-0.48736563324928284,-0.1563245952129364,-0.4336033761501312,-0.11553271859884262,-0.3933953046798706,-0.010015750303864479,-0.41271883249282837,0.23257897794246674,-0.23713871836662292,-0.22866131365299225,-0.11703953146934509,-0.10916930437088013,-0.1490705907344818,0.035523977130651474,-0.19640105962753296,0.23575058579444885,0.023730415850877762,-0.19452494382858276,0.10342121869325638,-0.11212924867868423,0.05179810896515846,0.010444925166666508,0.009439559653401375,0.18596763908863068,0.2474752515554428,-0.15001536905765533,0.312461793422699,-0.10122981667518616,0.25777509808540344,0.0037743716966360807,0.21317024528980255
Nurse,0.0,0.0,-0.09540756046772003,-0.327254056930542,-0.11934243887662888,-0.6108976602554321,-0.1152995228767395,-0.8280511498451233,-0.06949450820684433,-1.0,0.05056600272655487,-0.5991586446762085,-0.21847258508205414,-0.5393179655075073,-0.20801597833633423,-0.46273094415664673,-0.12689374387264252,-0.4772162139415741,0.09572464227676392,-0.40052303671836853,-0.2277468889951706,-0.33951273560523987,-0.17805764079093933,-0.30684995651245117,-0.09445647895336151,-0.32190394401550293,0.10117105394601822,-0.2046654224395752,-0.21072237193584442,-0.1658763587474823,-0.16673074662685394,-0.14108975231647491,-0.09089945256710052,-0.14511321485042572,0.07188813388347626,-0.028079086914658546,-0.173801988363266,0.003650117199867964,-0.13847394287586212,0.007197970058768988,-0.06543213874101639,0.001612887717783451
Nurse,0.0,0.0,-0.11514192074537277,-0.2850113809108734,-0.15774747729301453,-0.5808581113815308,-0.1468147486448288,-0.8025378584861755,-0.10214513540267944,-1.0,0.008063980378210545,-0.5274772644042969,-0.2518092691898346,-0.4567382335662842,-0.22005173563957214,-0.3816855847835541,-0.13112573325634003,-0.38565799593925476,0.056695207953453064,-0.3129088878631592,-0.25280898809432983,-0.23593012988567352,-0.18547643721103668,-0.21504604816436768,-0.0765925869345665,-0.24291780591011047,0.07004784792661667,-0.10494913905858994,-0.2248053401708603,-0.04564182832837105,-0.14859285950660706,-0.033139437437057495,-0.03231062367558479,-0.06028559058904648,0.06055407226085663,0.08615614473819733,-0.1612933725118637,0.12345324456691742,-0.1077909842133522,0.1155138909816742,-0.008406978100538254,0.0875905230641365
Nurse,0.0,0.0,-0.12046846747398376,-0.16714440286159515,-0.11691613495349884,-0.5492463111877441,-0.06882692873477936,-0.7989869713783264,-0.024044951424002647,-1.0,0.09117123484611511,-0.4765091836452484,-0.1644737422466278,-0.4328470528125763,-0.12718288600444794,-0.3753570020198822,-0.038510650396347046,-0.38985562324523926,0.22676362097263336,-0.2420356571674347,-0.23915237188339233,-0.09740790724754333,-0.11604797095060349,-0.1276630461215973,0.024922294542193413,-0.17866696417331696,0.24498224258422852,0.012397490441799164,-0.1794329285621643,0.11202898621559143,-0.1054820790886879,0.06049847602844238,0.01613204926252365,0.009483632631599903,0.20870350301265717,0.23753668367862701,-0.10611934214830399,0.29946160316467285,-0.04893502593040466,0.24747657775878906,0.06124677509069443,0.2044064998626709
Nurse,0.0,0.0,-0.11327382922172546,-0.3076488673686981,-0.13301502168178558,-0.6104497313499451,-0.12046550959348679,-0.8273633122444153,-0.08069346845149994,-1.0,0.055181026458740234,-0.5930896401405334,-0.18582528829574585,-0.5099201202392578,-0.1677892804145813,-0.440903902053833,-0.0902596116065979,-0.46545344591140747,0.10505890101194382,-0.4134165346622467,-0.18717002868652344,-0.3307548761367798,-0.1381559669971466,-0.30565202236175537,-0.05802464857697487,-0.3347758948802948,0.11649494618177414,-0.23112739622592926,-0.16480010747909546,-0.17759212851524353,-0.12275411933660507,-0.15986309945583344,-0.047400783747434616,-0.17670412361621857,0.0940365418791771,-0.06428936868906021,-0.12456855177879333,-0.022134674713015556,-0.08792292326688766,-0.02101856842637062,-0.010845502838492393,-0.03706168755888939
Nurse,0.0,0.0,-0.1153227910399437,-0.3105003237724304,-0.14040176570415497,-0.6004649996757507,-0.12320268899202347,-0.8207255005836487,-0.07960358262062073,-1.0,0.060228731483221054,-0.5784165263175964,-0.1729692816734314,-0.486104279756546,-0.15800151228904724,-0.42949894070625305,-0.08247391134500504,-0.4613805413246155,0.11648152023553848,-0.393981009721756,-0.18002520501613617,-0.28984755277633667,-0.13560035824775696,-0.28216880559921265,-0.05675860866904259,-0.3158436715602875,0.12997563183307648,-0.2076645791530609,-0.15865468978881836,-0.13209329545497894,-0.12053363025188446,-0.12890224158763885,-0.043732572346925735,-0.151986226439476,0.10842851549386978,-0.03506549075245857,-0.11824596673250198,0.021235961467027664,-0.08438719809055328,0.012957549653947353,-0.005542354192584753,-0.008015254512429237
Nurse,0.0,0.0,-0.13550294935703278,-0.2747482657432556,-0.17602641880512238,-0.5647586584091187,-0.15942265093326569,-0.7987194657325745,-0.12050598114728928,-1.0,0.03995586931705475,-0.5363382697105408,-0.23300963640213013,-0.42694559693336487,-0.20268112421035767,-0.3599047362804413,-0.11749652028083801,-0.3870047628879547,0.10627053678035736,-0.3350892663002014,-0.22536669671535492,-0.2268662452697754,-0.16757526993751526,-0.21400079131126404,-0.07538740336894989,-0.2445407211780548,0.12372030317783356,-0.13542896509170532,-0.1848398745059967,-0.05544646084308624,-0.13882160186767578,-0.047319382429122925,-0.04999805986881256,-0.0666353851556778,0.11235380917787552,0.04820157587528229,-0.1230337843298912,0.10569155216217041,-0.08090628683567047,0.098596952855587,0.008887140080332756,0.0721312090754509
Nurse,0.0,0.0,-0.12419760972261429,-0.29323330521583557,-0.15694651007652283,-0.5898348689079285,-0.14473359286785126,-0.8170238733291626,-0.10036128014326096,-1.0,0.051231034100055695,-0.5555502772331238,-0.20404675602912903,-0.45954692363739014,-0.1861640363931656,-0.4007817804813385,-0.10586422681808472,-0.43229007720947266,0.11096415668725967,-0.36563462018966675,-0.2100299596786499,-0.24900628626346588,-0.15303365886211395,-0.24744604527950287,-0.06698725372552872,-0.28281188011169434,0.1263357400894165,-0.1707964837551117,-0.17771364748477936,-0.08031345903873444,-0.12923666834831238,-0.08759759366512299,-0.046202175319194794,-0.11637133359909058,0.10924670845270157,0.011114003136754036,-0.12883064150810242,0.07768703997135162,-0.08770284056663513,0.06061337888240814,-0.0035059598740190268,0.035865917801856995
Nurse,0.0,0.0,-0.1293635368347168,-0.3013511300086975,-0.1710071563720703,-0.5863705277442932,-0.16193754971027374,-0.8092166185379028,-0.12537388503551483,-1.0,0.029754087328910828,-0.568975567817688,-0.2286098599433899,-0.4633999764919281,-0.20075838267803192,-0.3994370102882385,-0.11644023656845093,-0.4225746989250183,0.09277978539466858,-0.3748236894607544,-0.22394467890262604,-0.2599155902862549,-0.16764366626739502,-0.2512824237346649,-0.07882371544837952,-0.2819807827472687,0.11345953494310379,-0.1807323396205902,-0.1889844387769699,-0.09459849447011948,-0.14216752350330353,-0.08745904266834259,-0.05819358676671982,-0.10845890641212463,0.10058844089508057,0.0038218600675463676,-0.13103079795837402,0.06437771767377853,-0.08751239627599716,0.05584995821118355,-0.000994762172922492,0.03167979046702385
Nurse,0.0,0.0,-0.10661215335130692,-0.2924223840236664,-0.12210527062416077,-0.5923423171043396,-0.10954155772924423,-0.8110302686691284,-0.07194413244724274,-1.0,0.080478735268116,-0.5625344514846802,-0.19374722242355347,-0.46502184867858887,-0.17961685359477997,-0.39487433433532715,-0.08911380916833878,-0.41368567943573,0.1409548819065094,-0.36626505851745605,-0.18126119673252106,-0.24907690286636353,-0.13235482573509216,-0.23946496844291687,-0.0420965813100338,-0.27456948161125183,0.15965856611728668,-0.16158992052078247,-0.1464902013540268,-0.06618579477071762,-0.11250259727239609,-0.07376736402511597,-0.032782260328531265,-0.11322936415672302,0.14220686256885529,0.028297079727053642,-0.09919755905866623,0.10592466592788696,-0.07011796534061432,0.08813415467739105,0.00694042956456542,0.053762286901474
Nurse,0.0,0.0,-0.12155744433403015,-0.30392053723335266,-0.14957672357559204,-0.5932347178459167,-0.1384248435497284,-0.8171995878219604,-0.09973879903554916,-1.0,0.059146229177713394,-0.5765335559844971,-0.19318632781505585,-0.48141583800315857,-0.17383863031864166,-0.41589221358299255,-0.09377379715442657,-0.4415755271911621,0.11777810007333755,-0.38920846581459045,-0.1960468888282776,-0.28048568964004517,-0.14092598855495453,-0.2750988006591797,-0.05757100135087967,-0.3065427839756012,0.13580594956874847,-0.19901162385940552,-0.16805501282215118,-0.11666353046894073,-0.12034246325492859,-0.11549819260835648,-0.038929376751184464,-0.13863810896873474,0.11995452642440796,-0.019392458721995354,-0.11820729076862335,0.0406118668615818,-0.07647833228111267,0.026761367917060852,0.009240889921784401,0.002206072211265564
Nurse,0.0,0.0,-0.1239393875002861,-0.2140718251466751,-0.1326322704553604,-0.5572364926338196,-0.1156054362654686,-0.8108218312263489,-0.0947151631116867,-1.0,0.04866395890712738,-0.5387231111526489,-0.1856861114501953,-0.46974679827690125,-0.15883572399616241,-0.39428505301475525,-0.06912979483604431,-0.4114755690097809,0.158943310379982,-0.3430904150009155,-0.21798992156982422,-0.1805654615163803,-0.12815633416175842,-0.1969401091337204,-0.013792488723993301,-0.2491932064294815,0.18622098863124847,-0.1181349977850914,-0.16285885870456696,0.01789834350347519,-0.11121030151844025,-0.011219416745007038,-0.013153046369552612,-0.06233739107847214,0.1712065190076828,0.08884573727846146,-0.09601795673370361,0.18783092498779297,-0.04672204330563545,0.15803945064544678,0.05155181139707565,0.11365379393100739
Nurse,0.0,0.0,-0.12892578542232513,-0.30233851075172424,-0.16284294426441193,-0.5905408263206482,-0.15206871926784515,-0.815105676651001,-0.11603935062885284,-1.0,0.04744749143719673,-0.587469756603241,-0.2045108824968338,-0.47951826453208923,-0.17986257374286652,-0.4010144770145416,-0.0991605594754219,-0.42402026057243347,0.11137449741363525,-0.4037359952926636,-0.19562873244285583,-0.2936078608036041,-0.1445683091878891,-0.2726392149925232,-0.06308469921350479,-0.2997174859046936,0.13115571439266205,-0.21671389043331146,-0.16175054013729095,-0.13719452917575836,-0.11904063820838928,-0.1252773106098175,-0.03808934614062309,-0.1446446180343628,0.11620863527059555,-0.040128398686647415,-0.10976234823465347,0.02023942954838276,-0.07111374288797379,0.01948203332722187,0.012674752622842789,0.0018344910349696875
Nurse,0.0,0.0,-0.11841518431901932,-0.1865421086549759,-0.12316659092903137,-0.5426734089851379,-0.09833303838968277,-0.7999428510665894,-0.0760364681482315,-1.0,0.0715952068567276,-0.5069928765296936,-0.16876670718193054,-0.45914244651794434,-0.1488865613937378,-0.3866366744041443,-0.06316109001636505,-0.39416176080703735,0.19787250459194183,-0.2885037660598755,-0.21799665689468384,-0.14910081028938293,-0.11970748752355576,-0.16508689522743225,0.0056381626054644585,-0.21639131009578705,0.22594904899597168,-0.046012118458747864,-0.1634024828672409,0.06450100243091583,-0.10269777476787567,0.03233075886964798,0.007121585309505463,-0.015191479586064816,0.2030331939458847,0.16609011590480804,-0.09863332659006119,0.24762089550495148,-0.048239294439554214,0.2167317271232605,0.05808643996715546,0.17978984117507935
Nurse,0.0,0.0,-0.12652680277824402,-0.29517361521720886,-0.16276831924915314,-0.5866950750350952,-0.14821845293045044,-0.8108577132225037,-0.11362612992525101,-1.0,0.05518588423728943,-0.5850093364715576,-0.21763893961906433,-0.486737996339798,-0.1941831409931183,-0.40213117003440857,-0.1087900921702385,-0.410209983587265,0.11513517796993256,-0.39204108715057373,-0.20504772663116455,-0.2891163229942322,-0.15198923647403717,-0.26516902446746826,-0.06458983570337296,-0.2842881977558136,0.13189665973186493,-0.19593213498592377,-0.17109964787960052,-0.11948607861995697,-0.12492828071117401,-0.09944093227386475,-0.040193215012550354,-0.11016734689474106,0.11776412278413773,-0.010341372340917587,-0.11495185643434525,0.04309169203042984,-0.07492695748806,0.04700559377670288,0.011903365142643452,0.03186032176017761
Nurse,0.0,0.0,-0.11184833198785782,-0.20635928213596344,-0.11720871180295944,-0.5586860179901123,-0.09454208612442017,-0.8007745146751404,-0.06757252663373947,-1.0,0.09354326128959656,-0.4999890923500061,-0.17019759118556976,-0.4493797719478607,-0.13555890321731567,-0.38434654474258423,-0.03516320511698723,-0.39159834384918213,0.20731018483638763,-0.30290067195892334,-0.19928798079490662,-0.1484561711549759,-0.0988975465297699,-0.16665782034397125,0.03076360560953617,-0.22215783596038818,0.23415572941303253,-0.06955189257860184,-0.1430002599954605,0.058623459190130234,-0.07552178204059601,0.02108810842037201,0.03486446663737297,-0.028434937819838524,0.21694369614124298,0.14640121161937714,-0.07085176557302475,0.23910078406333923,-0.01893680915236473,0.1998857855796814,0.08745842427015305,0.15490759909152985
Nurse,0.0,0.0,-0.11575361341238022,-0.20041683316230774,-0.1285327523946762,-0.5524295568466187,-0.10889522731304169,-0.7971217036247253,-0.08286058902740479,-1.0,0.073204904794693,-0.5228880643844604,-0.1799248605966568,-0.46893295645713806,-0.143596813082695,-0.3980732262134552,-0.04471900314092636,-0.4060468077659607,0.19187554717063904,-0.3311982750892639,-0.2081386148929596,-0.17298297584056854,-0.10633257031440735,-0.18797506392002106,0.02171855792403221,-0.2428268939256668,0.22314593195915222,-0.10159865021705627,-0.14999888837337494,0.03183984383940697,-0.08379259705543518,-0.0020518568344414234,0.02520328387618065,-0.054757267236709595,0.20893247425556183,0.11489581316709518,-0.07834849506616592,0.2095024138689041,-0.025944722816348076,0.1709776073694229,0.0799565464258194,0.1252712905406952
Nurse,0.0,0.0,-0.10758080333471298,-0.28227102756500244,-0.1301979422569275,-0.5819495916366577,-0.12192864716053009,-0.8064863085746765,-0.0879894345998764,-1.0,0.07134220749139786,-0.5583200454711914,-0.19867193698883057,-0.4672131836414337,-0.17350228130817413,-0.3959906995296478,-0.08239343762397766,-0.41765427589416504,0.1418781876564026,-0.36562660336494446,-0.19873599708080292,-0.23864814639091492,-0.13552714884281158,-0.2299572080373764,-0.04088776558637619,-0.2623698115348816,0.16169673204421997,-0.15970376133918762,-0.16182923316955566,-0.05049371346831322,-0.12024658173322678,-0.05990639328956604,-0.03913697600364685,-0.09616314619779587,0.14341381192207336,0.0348723828792572,-0.1101265624165535,0.12219003587961197,-0.08083141595125198,0.10091134905815125,-0.0068357097916305065,0.0657300129532814
Nurse,0.0,0.0,-0.11737672239542007,-0.21994590759277344,-0.11939505487680435,-0.5733838677406311,-0.09521535038948059,-0.7987778186798096,-0.07287775725126266,-1.0,0.09249148517847061,-0.536764919757843,-0.1701146811246872,-0.466338187456131,-0.14616024494171143,-0.3953155279159546,-0.05602524057030678,-0.40409553050994873,0.19979165494441986,-0.33958637714385986,-0.2001403570175171,-0.1826079785823822,-0.11119991540908813,-0.19173391163349152,0.012856127694249153,-0.23245446383953094,0.22608812153339386,-0.10853955894708633,-0.14698970317840576,0.019858328625559807,-0.08856429159641266,-0.012598861940205097,0.01773410104215145,-0.053503260016441345,0.2047605812549591,0.10146215558052063,-0.0891600251197815,0.19529876112937927,-0.04334371164441109,0.16239769756793976,0.06367353349924088,0.12421131134033203
Nurse,0.0,0.0,-0.11378853023052216,-0.28748828172683716,-0.13284318149089813,-0.5872542858123779,-0.12582515180110931,-0.8098990321159363,-0.08921322226524353,-1.0,0.06679028272628784,-0.5781526565551758,-0.20048236846923828,-0.47886839509010315,-0.17457795143127441,-0.406380832195282,-0.0777619481086731,-0.4303444027900696,0.1383829563856125,-0.3820084035396576,-0.19596460461616516,-0.24888482689857483,-0.1323430985212326,-0.24041949212551117,-0.03298434615135193,-0.28263840079307556,0.16362705826759338,-0.16931688785552979,-0.15481337904930115,-0.05746361240744591,-0.11373405903577805,-0.06393937766551971,-0.027116848155856133,-0.10820597410202026,0.15014632046222687,0.028937241062521935,-0.10318130254745483,0.12037080526351929,-0.06869275867938995,0.1014489084482193,0.01571473479270935,0.05930813029408455
Nurse,0.0,0.0,-0.13793304562568665,-0.15436388552188873,-0.15837842226028442,-0.5329231023788452,-0.12486415356397629,-0.7969122529029846,-0.09295440465211868,-1.0,0.07187207788228989,-0.4982176423072815,-0.17249861359596252,-0.44533440470695496,-0.1300390064716339,-0.3814699649810791,-0.04104277119040489,-0.39034685492515564,0.22263561189174652,-0.28457215428352356,-0.24197542667388916,-0.10138744115829468,-0.11323350667953491,-0.13388217985630035,0.02988756261765957,-0.18818451464176178,0.2455083727836609,-0.037509649991989136,-0.17352093756198883,0.10335344821214676,-0.09574101120233536,0.05227751284837723,0.03080560639500618,0.0016354115214198828,0.21394027769565582,0.19025884568691254,-0.09877447038888931,0.2880764603614807,-0.03391929715871811,0.24202720820903778,0.08240560442209244,0.1998799443244934
Nurse,0.0,0.0,-0.11586777120828629,-0.31535786390304565,-0.158195361495018,-0.6010715961456299,-0.16230197250843048,-0.8170613646507263,-0.13034161925315857,-1.0,0.04091156646609306,-0.6053796410560608,-0.22627811133861542,-0.4927879273891449,-0.20537124574184418,-0.4191608428955078,-0.12045380473136902,-0.4436531960964203,0.0991535633802414,-0.41708195209503174,-0.21516507863998413,-0.30065762996673584,-0.161646768450737,-0.2793891429901123,-0.07971476018428802,-0.30869337916374207,0.11871669441461563,-0.22212570905685425,-0.18399417400360107,-0.13230696320533752,-0.13759399950504303,-0.11722581833600998,-0.061374157667160034,-0.1389143317937851,0.10455358028411865,-0.036938637495040894,-0.1322173774242401,0.03648146614432335,-0.10420400649309158,0.033300116658210754,-0.03509038686752319,0.011583814397454262
Nurse,0.0,0.0,-0.11891587823629379,-0.31916871666908264,-0.14657755196094513,-0.6021822690963745,-0.13998065888881683,-0.8207237124443054,-0.10678254812955856,-1.0,0.05327439308166504,-0.6097757816314697,-0.2018323838710785,-0.5287972688674927,-0.18425671756267548,-0.44902002811431885,-0.10567818582057953,-0.46640241146087646,0.11555670201778412,-0.427394300699234,-0.1935948133468628,-0.3324413001537323,-0.14144515991210938,-0.3061887323856354,-0.059005334973335266,-0.33256056904792786,0.13683034479618073,-0.24174420535564423,-0.1619194746017456,-0.16761744022369385,-0.11578936129808426,-0.14635050296783447,-0.034979403018951416,-0.16349653899669647,0.1231522262096405,-0.06549731642007828,-0.11215607821941376,-0.0013041960773989558,-0.07645584642887115,0.005426604766398668,0.005035824608057737,-0.008073295466601849
Nurse,0.0,0.0,-0.11891587823629379,-0.31916871666908264,-0.14657755196094513,-0.6021822690963745,-0.13998065888881683,-0.8207237124443054,-0.10678254812955856,-1.0,0.05327439308166504,-0.6097757816314697,-0.2018323838710785,-0.5287972688674927,-0.18425671756267548,-0.44902002811431885,-0.10567818582057953,-0.46640241146087646,0.11555670201778412,-0.427394300699234,-0.1935948133468628,-0.3324413001537323,-0.14144515991210938,-0.3061887323856354,-0.059005334973335266,-0.33256056904792786,0.13683034479618073,-0.24174420535564423,-0.1619194746017456,-0.16761744022369385,-0.11578936129808426,-0.14635050296783447,-0.034979403018951416,-0.16349653899669647,0.1231522262096405,-0.06549731642007828,-0.11215607821941376,-0.0013041960773989558,-0.07645584642887115,0.005426604766398668,0.005035824608057737,-0.008073295466601849
Nurse,0.0,0.0,-0.13726505637168884,-0.30030351877212524,-0.1509356051683426,-0.5974535942077637,-0.1341986209154129,-0.8180350065231323,-0.11264091730117798,-1.0,0.045354779809713364,-0.648110568523407,-0.20056675374507904,-0.5491910576820374,-0.18842510879039764,-0.4713040590286255,-0.098844014108181,-0.4909604787826538,0.11034310609102249,-0.4684498906135559,-0.2028864473104477,-0.34674662351608276,-0.1534929722547531,-0.32103094458580017,-0.059611521661281586,-0.35125812888145447,0.13254740834236145,-0.2707359194755554,-0.16689306497573853,-0.1723518818616867,-0.13458049297332764,-0.15597808361053467,-0.05502413213253021,-0.17793022096157074,0.12093841284513474,-0.0877283364534378,-0.12433987110853195,-0.005364948883652687,-0.09788305312395096,-0.00862051546573639,-0.019270913675427437,-0.0390193834900856
Nurse,0.0,0.0,-0.12281908839941025,-0.2562941312789917,-0.14242418110370636,-0.5696385502815247,-0.13097578287124634,-0.7963470220565796,-0.10455037653446198,-1.0,0.07511615753173828,-0.5640825629234314,-0.19849161803722382,-0.4641795754432678,-0.17943091690540314,-0.39654475450515747,-0.08029277622699738,-0.4187040328979492,0.16569603979587555,-0.36683768033981323,-0.21149010956287384,-0.20979879796504974,-0.1399988830089569,-0.20243537425994873,-0.023624081164598465,-0.24780933558940887,0.1965952068567276,-0.14230772852897644,-0.1660354733467102,-0.011014550924301147,-0.11673356592655182,-0.022588342428207397,-0.017504053190350533,-0.06657833606004715,0.18341286480426788,0.06724891811609268,-0.10782467573881149,0.17278806865215302,-0.06954865902662277,0.14773832261562347,0.02755219116806984,0.1054348424077034
Nurse,0.0,0.0,-0.12554775178432465,-0.2908431589603424,-0.1436184197664261,-0.580396294593811,-0.13878697156906128,-0.7989910244941711,-0.11796735227108002,-1.0,0.06267507374286652,-0.6003499031066895,-0.2031451165676117,-0.49729499220848083,-0.1880372017621994,-0.42854106426239014,-0.09229674190282822,-0.45799997448921204,0.13354501128196716,-0.40075793862342834,-0.20851829648017883,-0.27011051774024963,-0.15804550051689148,-0.2579779326915741,-0.05994992330670357,-0.3023189902305603,0.15489089488983154,-0.1836344301700592,-0.17576748132705688,-0.07682090997695923,-0.14166758954524994,-0.0798550397157669,-0.056641217321157455,-0.11937432736158371,0.13694630563259125,0.015642667189240456,-0.13139750063419342,0.10299976170063019,-0.10302582383155823,0.08362985402345657,-0.01975858584046364,0.04231339320540428
Nurse,0.0,0.0,-0.11375422030687332,-0.2653059959411621,-0.13518986105918884,-0.5659134984016418,-0.12842072546482086,-0.7920631170272827,-0.0996076762676239,-1.0,0.07983975857496262,-0.5612744688987732,-0.2040879726409912,-0.4677324593067169,-0.1736697554588318,-0.4007996618747711,-0.06343785673379898,-0.4141772985458374,0.16708685457706451,-0.3608696162700653,-0.2135409265756607,-0.21244660019874573,-0.13748586177825928,-0.20329058170318604,-0.01393071748316288,-0.244447261095047,0.1961950808763504,-0.13353733718395233,-0.16843843460083008,-0.007036473602056503,-0.11054307967424393,-0.020268039777874947,-0.0035802326165139675,-0.06454946100711823,0.18011267483234406,0.08128446340560913,-0.11457320302724838,0.18448229134082794,-0.06850246340036392,0.1604773849248886,0.03683025389909744,0.11699063330888748
Nurse,0.0,0.0,-0.11375422030687332,-0.2653059959411621,-0.13518986105918884,-0.5659134984016418,-0.12842072546482086,-0.7920631170272827,-0.0996076762676239,-1.0,0.07983975857496262,-0.5612744688987732,-0.2040879726409912,-0.4677324593067169,-0.1736697554588318,-0.4007996618747711,-0.06343785673379898,-0.4141772985458374,0.16708685457706451,-0.3608696162700653,-0.2135409265756607,-0.21244660019874573,-0.13748586177825928,-0.20329058170318604,-0.01393071748316288,-0.244447261095047,0.1961950808763504,-0.13353733718395233,-0.16843843460083008,-0.007036473602056503,-0.11054307967424393,-0.020268039777874947,-0.0035802326165139675,-0.06454946100711823,0.18011267483234406,0.08128446340560913,-0.11457320302724838,0.18448229134082794,-0.06850246340036392,0.1604773849248886,0.03683025389909744,0.11699063330888748
Nurse,0.0,0.0,-0.12503807246685028,-0.2071884721517563,-0.13973283767700195,-0.5569238066673279,-0.12096375226974487,-0.7978280186653137,-0.09105141460895538,-1.0,0.08448676019906998,-0.5407477617263794,-0.1852312535047531,-0.46478161215782166,-0.15750938653945923,-0.3826313614845276,-0.060826145112514496,-0.3906536400318146,0.19948144257068634,-0.34381869435310364,-0.2151086926460266,-0.1830308437347412,-0.12758001685142517,-0.1764797568321228,0.0006356093799695373,-0.2271077036857605,0.22875966131687164,-0.10902395844459534,-0.15934841334819794,0.024227086454629898,-0.10048367083072662,0.009272817522287369,0.010025194846093655,-0.033454254269599915,0.21259339153766632,0.11125032603740692,-0.09005441516637802,0.20940624177455902,-0.04619555175304413,0.18705670535564423,0.06120969355106354,0.14907892048358917
Nurse,0.0,0.0,-0.1322203278541565,-0.24407687783241272,-0.14669333398342133,-0.5733608603477478,-0.1311274915933609,-0.810935378074646,-0.11130447685718536,-1.0,0.060156483203172684,-0.5824781060218811,-0.1987306922674179,-0.48910194635391235,-0.1775660365819931,-0.4033600091934204,-0.08558144420385361,-0.4207822382450104,0.1644028276205063,-0.3882943093776703,-0.20955650508403778,-0.23377175629138947,-0.13935987651348114,-0.2200699746608734,-0.029273906722664833,-0.26435577869415283,0.19379110634326935,-0.1624758392572403,-0.16113905608654022,-0.025673145428299904,-0.12097642570734024,-0.03328397125005722,-0.024196099489927292,-0.07146675139665604,0.1775152087211609,0.04422854632139206,-0.10400114208459854,0.14911700785160065,-0.07356834411621094,0.1339585781097412,0.015971863642334938,0.09838899224996567
Nurse,0.0,0.0,-0.10891524702310562,-0.3040875494480133,-0.13423378765583038,-0.5895557403564453,-0.1321619600057602,-0.8081024885177612,-0.10321754217147827,-1.0,0.07332006096839905,-0.6163853406906128,-0.19398650527000427,-0.5247552990913391,-0.1915694922208786,-0.4443161189556122,-0.10551238059997559,-0.4686824679374695,0.13318492472171783,-0.4260977804660797,-0.18920160830020905,-0.319091796875,-0.15453827381134033,-0.28817909955978394,-0.06929772347211838,-0.326406866312027,0.15310010313987732,-0.21979188919067383,-0.15799370408058167,-0.13451223075389862,-0.1288226991891861,-0.12058795243501663,-0.052062954753637314,-0.15125514566898346,0.1396128088235855,-0.028482507914304733,-0.11273477226495743,0.04177457466721535,-0.09083957225084305,0.031416866928339005,-0.01648295298218727,-0.0013754413230344653
Nurse,0.0,0.0,-0.11025433987379074,-0.3108481764793396,-0.15301358699798584,-0.5949305891990662,-0.1627933233976364,-0.8143042325973511,-0.13644768297672272,-1.0,0.04770932346582413,-0.6199482083320618,-0.2247307002544403,-0.5287306308746338,-0.2183891236782074,-0.44155099987983704,-0.13753682374954224,-0.45476600527763367,0.09933818131685257,-0.4269813001155853,-0.21759828925132751,-0.3246384859085083,-0.17353886365890503,-0.2906911075115204,-0.09198508411645889,-0.31611165404319763,0.113948293030262,-0.22888895869255066,-0.18762385845184326,-0.15238146483898163,-0.147202730178833,-0.13373896479606628,-0.0741392970085144,-0.1503143608570099,0.09845699369907379,-0.04159989953041077,-0.13784798979759216,0.015102661214768887,-0.10996135324239731,0.004249017685651779,-0.040679559111595154,-0.02086525969207287
Nurse,0.0,0.0,-0.12324081361293793,-0.3032330274581909,-0.16281211376190186,-0.5963765382766724,-0.16907328367233276,-0.8183864951133728,-0.1488230973482132,-1.0,0.010536347515881062,-0.6595426797866821,-0.23504483699798584,-0.5657818913459778,-0.21880707144737244,-0.4814677834510803,-0.13907739520072937,-0.5039350986480713,0.06472691893577576,-0.4915325939655304,-0.22500397264957428,-0.3876252770423889,-0.17815841734409332,-0.3469066321849823,-0.09918179363012314,-0.3704933226108551,0.08429624885320663,-0.3111814856529236,-0.1910504400730133,-0.22818021476268768,-0.15065376460552216,-0.20120565593242645,-0.07819677889347076,-0.217614084482193,0.07478183507919312,-0.13989289104938507,-0.14633305370807648,-0.0736546590924263,-0.11794603615999222,-0.07130640000104904,-0.0483735129237175,-0.09342209994792938
Nurse,0.0,0.0,-0.12350525707006454,-0.27010250091552734,-0.14141613245010376,-0.578363835811615,-0.13022059202194214,-0.8050661087036133,-0.09988711774349213,-1.0,0.06947856396436691,-0.5865221619606018,-0.19439858198165894,-0.4796593487262726,-0.17458386719226837,-0.40885117650032043,-0.07783450931310654,-0.43415218591690063,0.15440106391906738,-0.40136978030204773,-0.19254295527935028,-0.2430126816034317,-0.1325221210718155,-0.2364552915096283,-0.026629861444234848,-0.2892419397830963,0.18591827154159546,-0.1852761209011078,-0.14693203568458557,-0.054415520280599594,-0.10734577476978302,-0.06541801989078522,-0.01563316211104393,-0.11489386111497879,0.17757223546504974,0.01955423317849636,-0.09324655681848526,0.1203528344631195,-0.062436509877443314,0.09538143873214722,0.026591405272483826,0.046661123633384705
Nurse,0.0,0.0,-0.12033583968877792,-0.308456152677536,-0.15975119173526764,-0.5915352702140808,-0.16686248779296875,-0.8087582588195801,-0.14154133200645447,-1.0,0.03942893445491791,-0.623555064201355,-0.23097407817840576,-0.5185811519622803,-0.22207695245742798,-0.42899399995803833,-0.13797439634799957,-0.4452616274356842,0.10052286833524704,-0.4345240592956543,-0.21698452532291412,-0.3220701217651367,-0.17883087694644928,-0.2868823707103729,-0.09976355731487274,-0.31272992491722107,0.11955208331346512,-0.23570406436920166,-0.1846761703491211,-0.14494386315345764,-0.1549682915210724,-0.12561312317848206,-0.08418390899896622,-0.1459151953458786,0.10554895550012589,-0.050716932862997055,-0.14021515846252441,0.02969672717154026,-0.12158224731683731,0.023656560108065605,-0.05703403428196907,-0.004567297641187906
Nurse,0.0,0.0,-0.1276349127292633,-0.3101716935634613,-0.16163267195224762,-0.5969873070716858,-0.16158047318458557,-0.8157694935798645,-0.14177171885967255,-1.0,0.028661243617534637,-0.6595841646194458,-0.23108157515525818,-0.5634254813194275,-0.22634297609329224,-0.47157806158065796,-0.1449771523475647,-0.4838287830352783,0.08278098702430725,-0.4779512584209442,-0.2178233563899994,-0.3780956268310547,-0.1852477490901947,-0.3309659957885742,-0.10733519494533539,-0.34739479422569275,0.10300925374031067,-0.2865159809589386,-0.18543881177902222,-0.20338355004787445,-0.15787263214588165,-0.1716698408126831,-0.08752173185348511,-0.18484437465667725,0.09371437132358551,-0.10605337470769882,-0.14092299342155457,-0.03487231582403183,-0.12312733381986618,-0.028315190225839615,-0.057435642927885056,-0.048974815756082535
Nurse,0.0,0.0,-0.11095156520605087,-0.31371697783470154,-0.14469318091869354,-0.60158371925354,-0.15296068787574768,-0.8167940974235535,-0.12825174629688263,-1.0,0.05691490322351456,-0.6502987742424011,-0.20272672176361084,-0.5644107460975647,-0.20693601667881012,-0.46397149562835693,-0.1309594064950943,-0.4744550287723541,0.11579757928848267,-0.4679202139377594,-0.19023536145687103,-0.3681248426437378,-0.1619781255722046,-0.31664764881134033,-0.08569345623254776,-0.33668622374534607,0.13337013125419617,-0.27142229676246643,-0.15968842804431915,-0.18978816270828247,-0.13483759760856628,-0.1587020754814148,-0.06525404751300812,-0.1777946501970291,0.11950820684432983,-0.08816208690404892,-0.11470048129558563,-0.021889714524149895,-0.09968272596597672,-0.02081361599266529,-0.03623233363032341,-0.045385342091321945
Nurse,0.0,0.0,-0.13860300183296204,-0.18906626105308533,-0.16090230643749237,-0.5379194021224976,-0.1382925659418106,-0.7875096797943115,-0.11342929303646088,-1.0,0.06563736498355865,-0.5539847016334534,-0.20015943050384521,-0.4689764678478241,-0.16432256996631622,-0.397041380405426,-0.06751998513936996,-0.40267738699913025,0.18960805237293243,-0.36017921566963196,-0.23758965730667114,-0.17912423610687256,-0.13735006749629974,-0.18125277757644653,-0.004433881491422653,-0.22622111439704895,0.22479356825351715,-0.12318654358386993,-0.17378783226013184,0.026873081922531128,-0.11007373780012131,0.011930494569242,0.0069114696234464645,-0.034289754927158356,0.21075180172920227,0.10123442113399506,-0.10326337069272995,0.21726477146148682,-0.05448508635163307,0.1944463700056076,0.06069675460457802,0.1515064835548401
Nurse,0.0,0.0,-0.12382310628890991,-0.2694541811943054,-0.14686475694179535,-0.5666602849960327,-0.14293774962425232,-0.7915900349617004,-0.1155821830034256,-1.0,0.07168814539909363,-0.5908225178718567,-0.21267874538898468,-0.4781142771244049,-0.19140955805778503,-0.3922954201698303,-0.0871601328253746,-0.4021693170070648,0.15721672773361206,-0.3922771215438843,-0.20502759516239166,-0.2434319108724594,-0.14292117953300476,-0.21724055707454681,-0.030656665563583374,-0.25142902135849,0.19098509848117828,-0.16892124712467194,-0.15617810189723969,-0.044417187571525574,-0.109745092689991,-0.037764642387628555,-0.010526210069656372,-0.07654836773872375,0.18269693851470947,0.04146752133965492,-0.10347040742635727,0.14469769597053528,-0.06759051978588104,0.13445504009723663,0.029323216527700424,0.09294623136520386
Nurse,0.0,0.0,-0.14001113176345825,-0.2724398970603943,-0.16460944712162018,-0.5719476342201233,-0.15309424698352814,-0.7957572340965271,-0.12829463183879852,-1.0,0.058503370732069016,-0.6027129292488098,-0.2049519568681717,-0.5044896006584167,-0.19397135078907013,-0.4203963279724121,-0.10334435105323792,-0.44401058554649353,0.14809659123420715,-0.40894225239753723,-0.20463496446609497,-0.26398223638534546,-0.1517477035522461,-0.2439810186624527,-0.049018070101737976,-0.2918555736541748,0.1817859262228012,-0.18328845500946045,-0.15710264444351196,-0.058794185519218445,-0.11747126281261444,-0.06053704023361206,-0.025007810443639755,-0.10716524720191956,0.17339679598808289,0.02648509293794632,-0.09818977862596512,0.12973552942276,-0.07088208943605423,0.11078468710184097,0.01490513514727354,0.06439274549484253
Nurse,0.0,0.0,-0.125808447599411,-0.245465949177742,-0.15513911843299866,-0.5508067011833191,-0.14442290365695953,-0.7800918817520142,-0.12316528707742691,-1.0,0.08433038741350174,-0.5799577832221985,-0.1916830837726593,-0.46139031648635864,-0.16772182285785675,-0.3925645351409912,-0.06684919446706772,-0.40641239285469055,0.18395721912384033,-0.38034817576408386,-0.19718632102012634,-0.21206387877464294,-0.13324502110481262,-0.20384038984775543,-0.014653462916612625,-0.25112757086753845,0.21687111258506775,-0.1502716988325119,-0.14711646735668182,-0.01714489795267582,-0.10151316970586777,-0.02389865182340145,0.0006816849927417934,-0.06556859612464905,0.20145417749881744,0.06499505043029785,-0.09501130878925323,0.16742408275604248,-0.05897892266511917,0.14736120402812958,0.04132942855358124,0.10468742996454239
Nurse,0.0,0.0,-0.1489294171333313,-0.2939543128013611,-0.18569205701351166,-0.586161196231842,-0.18473096191883087,-0.805899977684021,-0.16432957351207733,-1.0,0.026267942041158676,-0.6545000672340393,-0.2405885010957718,-0.5428618788719177,-0.23643308877944946,-0.4520166516304016,-0.15164132416248322,-0.47489258646965027,0.0913642942905426,-0.4717188775539398,-0.22267572581768036,-0.35136663913726807,-0.1928221881389618,-0.3128681182861328,-0.11423496156930923,-0.33574631810188293,0.11862418055534363,-0.2734936475753784,-0.18510349094867706,-0.17144092917442322,-0.16476890444755554,-0.14774559438228607,-0.09503857791423798,-0.16827604174613953,0.11352188140153885,-0.08723659813404083,-0.13696521520614624,0.0011916457442566752,-0.1200070008635521,0.002813671249896288,-0.04903429001569748,-0.025174370035529137
Nurse,0.0,0.0,-0.1286679357290268,-0.27651283144950867,-0.16914434731006622,-0.566265881061554,-0.18107351660728455,-0.790576696395874,-0.1608571708202362,-1.0,0.047063905745744705,-0.6149898171424866,-0.2300032526254654,-0.49654853343963623,-0.209530770778656,-0.40513232350349426,-0.11021678894758224,-0.41747990250587463,0.1255837082862854,-0.41755107045173645,-0.2229117453098297,-0.2681419551372528,-0.16733165085315704,-0.23335586488246918,-0.06407545506954193,-0.26437562704086304,0.15398326516151428,-0.19592763483524323,-0.18099889159202576,-0.0655045434832573,-0.14196692407131195,-0.051596663892269135,-0.05112212896347046,-0.08584895730018616,0.14177080988883972,0.011547443456947803,-0.13028325140476227,0.11573497951030731,-0.10190971940755844,0.10751491785049438,-0.017602404579520226,0.0670022964477539
Nurse,0.0,0.0,-0.12722502648830414,-0.2686462104320526,-0.15313062071800232,-0.569557785987854,-0.1501832753419876,-0.7942413091659546,-0.12449602037668228,-1.0,0.07424355298280716,-0.5958157777786255,-0.207075297832489,-0.47687554359436035,-0.18652144074440002,-0.396579772233963,-0.08197620511054993,-0.4132221043109894,0.16551466286182404,-0.39501139521598816,-0.2041761875152588,-0.23297075927257538,-0.14153935015201569,-0.2130022794008255,-0.02521747536957264,-0.2558708190917969,0.19951467216014862,-0.16499793529510498,-0.15592890977859497,-0.029339436441659927,-0.1134161725640297,-0.030398625880479813,-0.014140686951577663,-0.07060455530881882,0.18797661364078522,0.04867558553814888,-0.10622629523277283,0.15999524295330048,-0.07437200844287872,0.1421768218278885,0.022674649953842163,0.09736917167901993
Nurse,0.0,0.0,-0.12863971292972565,-0.23479878902435303,-0.16100028157234192,-0.5489320755004883,-0.14861047267913818,-0.7758690118789673,-0.12112398445606232,-1.0,0.08567959070205688,-0.5459394454956055,-0.19308055937290192,-0.42969319224357605,-0.16571013629436493,-0.37667420506477356,-0.06341670453548431,-0.3958556056022644,0.19364933669567108,-0.33976882696151733,-0.19866472482681274,-0.16666220128536224,-0.1293807327747345,-0.18323975801467896,-0.00790555588901043,-0.2395191788673401,0.22721834480762482,-0.1057756096124649,-0.14574505388736725,0.0323164202272892,-0.09755565226078033,0.002459365176036954,0.00674276752397418,-0.047510433942079544,0.21375572681427002,0.1108209416270256,-0.08777622133493423,0.21039094030857086,-0.04671104624867439,0.17631570994853973,0.06142676621675491,0.12655596435070038
Nurse,0.0,0.0,-0.13732929527759552,-0.21405981481075287,-0.1637733429670334,-0.5465819835662842,-0.15070784091949463,-0.7817280292510986,-0.13041085004806519,-1.0,0.0750456303358078,-0.5489839911460876,-0.19965925812721252,-0.45543307065963745,-0.17025107145309448,-0.3831104636192322,-0.07116561383008957,-0.39151930809020996,0.19325342774391174,-0.3500126898288727,-0.22312422096729279,-0.16921259462833405,-0.1384952962398529,-0.17593467235565186,-0.007956409826874733,-0.2315903753042221,0.2287357598543167,-0.11284315586090088,-0.16165298223495483,0.03497937694191933,-0.10689873993396759,0.013484181836247444,0.006166217848658562,-0.036934394389390945,0.21396757662296295,0.10907861590385437,-0.09485474973917007,0.22195060551166534,-0.0490979328751564,0.1953624188899994,0.06508451700210571,0.14849574863910675
Nurse,0.0,0.0,-0.12435413897037506,-0.3149249255657196,-0.1637880504131317,-0.5933412909507751,-0.1715264767408371,-0.8132466673851013,-0.15725266933441162,-1.0,0.029482247307896614,-0.6461122035980225,-0.22817076742649078,-0.5485162138938904,-0.21336014568805695,-0.45707473158836365,-0.13411833345890045,-0.4871014654636383,0.09580816328525543,-0.4696970283985138,-0.2148977369070053,-0.35929447412490845,-0.16814963519573212,-0.31643784046173096,-0.0879514217376709,-0.3526643216609955,0.12085036188364029,-0.2826842665672302,-0.17759476602077484,-0.19437706470489502,-0.1368134766817093,-0.16609209775924683,-0.062385428696870804,-0.1889135092496872,0.10967867821455002,-0.10414392501115799,-0.1252003014087677,-0.03240128979086876,-0.09406530857086182,-0.032385677099227905,-0.01852104812860489,-0.06025256589055061
Nurse,0.0,0.0,-0.1263289600610733,-0.3125237226486206,-0.17663227021694183,-0.5929948687553406,-0.19068746268749237,-0.8144378066062927,-0.17244142293930054,-1.0,0.022784696891903877,-0.643621027469635,-0.23840495944023132,-0.5418111085891724,-0.2208382487297058,-0.4427970349788666,-0.14351429045200348,-0.45665156841278076,0.0833573192358017,-0.4696965515613556,-0.2266337275505066,-0.3511211574077606,-0.17746858298778534,-0.3070577085018158,-0.09910526126623154,-0.3273337483406067,0.1063220202922821,-0.28317439556121826,-0.1869020015001297,-0.19066692888736725,-0.1433245688676834,-0.16473571956157684,-0.06839142739772797,-0.18148942291736603,0.09877759218215942,-0.10212145000696182,-0.13296352326869965,-0.0363050177693367,-0.10124599933624268,-0.03707707300782204,-0.02672879584133625,-0.06134314835071564
Nurse,0.0,0.0,-0.1256425827741623,-0.2702235281467438,-0.15674281120300293,-0.5617131590843201,-0.15865114331245422,-0.7882040739059448,-0.14011791348457336,-1.0,0.07863215357065201,-0.6172195672988892,-0.20121552050113678,-0.4994899034500122,-0.18349586427211761,-0.4182886779308319,-0.08178774267435074,-0.42926546931266785,0.1602926403284073,-0.42760372161865234,-0.19269955158233643,-0.2750036418437958,-0.13973988592624664,-0.24889184534549713,-0.03206523507833481,-0.2857650816440582,0.19167748093605042,-0.20800700783729553,-0.1503266841173172,-0.08271375298500061,-0.11147774010896683,-0.07305110991001129,-0.01867295801639557,-0.11023905128240585,0.18087267875671387,0.0022977255284786224,-0.09939636290073395,0.1012168899178505,-0.0637345165014267,0.09133763611316681,0.03239131718873978,0.0503271147608757
Nurse,0.0,0.0,-0.14881405234336853,-0.17531737685203552,-0.1733202189207077,-0.5393347144126892,-0.14294487237930298,-0.787755012512207,-0.12733152508735657,-1.0,0.06714482605457306,-0.5395430326461792,-0.1949133574962616,-0.4621645212173462,-0.15093715488910675,-0.3993161618709564,-0.05494067072868347,-0.4068465232849121,0.20676161348819733,-0.3476327359676361,-0.23323564231395721,-0.16301274299621582,-0.1247415691614151,-0.18425294756889343,0.01525519136339426,-0.24150480329990387,0.24697516858577728,-0.10891067236661911,-0.16080763936042786,0.03502963110804558,-0.09363175928592682,0.009111246094107628,0.023163920268416405,-0.038343049585819244,0.23461297154426575,0.11662104725837708,-0.08235256373882294,0.22628048062324524,-0.030212240293622017,0.19484147429466248,0.08693984895944595,0.1499209702014923
Nurse,0.0,0.0,-0.1310993731021881,-0.3117503225803375,-0.1683596968650818,-0.6008113026618958,-0.17687171697616577,-0.8196583986282349,-0.16828575730323792,-1.0,0.019588669762015343,-0.6974448561668396,-0.2248091697692871,-0.5955324172973633,-0.21098895370960236,-0.49460533261299133,-0.13625849783420563,-0.5122402906417847,0.07752246409654617,-0.5368877053260803,-0.20753955841064453,-0.4220649302005768,-0.16655941307544708,-0.36839359998703003,-0.09277709573507309,-0.3824523985385895,0.1001390889286995,-0.35724392533302307,-0.1728505939245224,-0.2604842782020569,-0.13928315043449402,-0.223698228597641,-0.07055234909057617,-0.23699860274791718,0.09094498306512833,-0.17928887903690338,-0.12605459988117218,-0.10192789137363434,-0.10048488527536392,-0.08811679482460022,-0.032814718782901764,-0.10444685071706772
Nurse,0.0,0.0,-0.13977131247520447,-0.3180454969406128,-0.1790752410888672,-0.6130863428115845,-0.189272940158844,-0.8281077146530151,-0.1777782440185547,-1.0,0.020071905106306076,-0.681023895740509,-0.22986261546611786,-0.5816346406936646,-0.21646492183208466,-0.4789254367351532,-0.14340418577194214,-0.492718368768692,0.07892294228076935,-0.512751579284668,-0.21541482210159302,-0.396267831325531,-0.16997405886650085,-0.3477286100387573,-0.09272413700819016,-0.364124596118927,0.10313232243061066,-0.32973822951316833,-0.17696623504161835,-0.23285333812236786,-0.14043782651424408,-0.19945412874221802,-0.06932351738214493,-0.21426144242286682,0.09532096982002258,-0.15046334266662598,-0.12680473923683167,-0.07700573652982712,-0.09666574746370316,-0.06945671141147614,-0.023546939715743065,-0.09027741104364395
Nurse,0.0,0.0,-0.14304687082767487,-0.23761752247810364,-0.17262651026248932,-0.5567198395729065,-0.16180108487606049,-0.7869521379470825,-0.14223290979862213,-1.0,0.06069529429078102,-0.5780765414237976,-0.22260808944702148,-0.47659197449684143,-0.1876007467508316,-0.40499982237815857,-0.08690083026885986,-0.41741591691970825,0.1722302883863449,-0.38384759426116943,-0.2259986251592636,-0.2123982459306717,-0.14243128895759583,-0.207619309425354,-0.022125285118818283,-0.24096861481666565,0.20971333980560303,-0.15222053229808807,-0.1678355634212494,-0.0033045499585568905,-0.11177415400743484,-0.021668294444680214,-0.0048114340752363205,-0.061488594859838486,0.19704216718673706,0.06708825379610062,-0.10877934098243713,0.18568511307239532,-0.06650280207395554,0.16059057414531708,0.03821000084280968,0.1162218526005745
Nurse,0.0,0.0,-0.14960145950317383,-0.2840462327003479,-0.18409200012683868,-0.578877329826355,-0.1856115609407425,-0.8037029504776001,-0.16783636808395386,-1.0,0.038267720490694046,-0.6359537243843079,-0.22650769352912903,-0.514831006526947,-0.20608627796173096,-0.4297633171081543,-0.1112571433186531,-0.4488684833049774,0.11917009949684143,-0.4479738771915436,-0.2126520574092865,-0.3009029030799866,-0.16143853962421417,-0.2746537923812866,-0.06662646681070328,-0.30798718333244324,0.15063068270683289,-0.23545490205287933,-0.16894568502902985,-0.11177639663219452,-0.1351630687713623,-0.10178504139184952,-0.051872409880161285,-0.13407064974308014,0.14209476113319397,-0.03498939797282219,-0.11890438199043274,0.06749854236841202,-0.09130670875310898,0.058270081877708435,-0.00868407916277647,0.018403170630335808
Nurse,0.0,0.0,-0.14960145950317383,-0.2840462327003479,-0.18409200012683868,-0.578877329826355,-0.1856115609407425,-0.8037029504776001,-0.16783636808395386,-1.0,0.038267720490694046,-0.6359537243843079,-0.22650769352912903,-0.514831006526947,-0.20608627796173096,-0.4297633171081543,-0.1112571433186531,-0.4488684833049774,0.11917009949684143,-0.4479738771915436,-0.2126520574092865,-0.3009029030799866,-0.16143853962421417,-0.2746537923812866,-0.06662646681070328,-0.30798718333244324,0.15063068270683289,-0.23545490205287933,-0.16894568502902985,-0.11177639663219452,-0.1351630687713623,-0.10178504139184952,-0.051872409880161285,-0.13407064974308014,0.14209476113319397,-0.03498939797282219,-0.11890438199043274,0.06749854236841202,-0.09130670875310898,0.058270081877708435,-0.00868407916277647,0.018403170630335808
Nurse,0.0,0.0,-0.14337840676307678,-0.30996444821357727,-0.1865973025560379,-0.602195143699646,-0.19493751227855682,-0.8221993446350098,-0.18132059276103973,-1.0,0.008237281814217567,-0.6974395513534546,-0.23461395502090454,-0.6103337407112122,-0.23141318559646606,-0.5055418610572815,-0.1581122875213623,-0.5197510719299316,0.0684182420372963,-0.5352603793144226,-0.2195623368024826,-0.42309457063674927,-0.18818224966526031,-0.3643861413002014,-0.1156642809510231,-0.38248375058174133,0.09325306862592697,-0.35294419527053833,-0.1835801899433136,-0.25363537669181824,-0.157897487282753,-0.21305103600025177,-0.09172305464744568,-0.22908982634544373,0.08694267272949219,-0.17570608854293823,-0.1375492364168167,-0.09425360709428787,-0.12061911076307297,-0.0814075767993927,-0.05791000649333,-0.1021260991692543
Nurse,0.0,0.0,-0.13301479816436768,-0.29904642701148987,-0.1710183322429657,-0.5853995084762573,-0.18173928558826447,-0.8051993250846863,-0.1646294742822647,-1.0,0.04301562160253525,-0.6721029877662659,-0.21168847382068634,-0.5655089020729065,-0.21236732602119446,-0.4651523530483246,-0.13134156167507172,-0.4827369153499603,0.1090279072523117,-0.4944348931312561,-0.1958637833595276,-0.37008988857269287,-0.1723252534866333,-0.32323023676872253,-0.0953909233212471,-0.34450119733810425,0.13326551020145416,-0.2898508310317993,-0.1596754789352417,-0.18217429518699646,-0.14495187997817993,-0.1574130356311798,-0.07662667334079742,-0.18159785866737366,0.12591411173343658,-0.09635131806135178,-0.11419790983200073,-0.008393547497689724,-0.10461821407079697,-0.010578098706901073,-0.03988487645983696,-0.044372450560331345
Nurse,0.0,0.0,-0.13301479816436768,-0.29904642701148987,-0.1710183322429657,-0.5853995084762573,-0.18173928558826447,-0.8051993250846863,-0.1646294742822647,-1.0,0.04301562160253525,-0.6721029877662659,-0.21168847382068634,-0.5655089020729065,-0.21236732602119446,-0.4651523530483246,-0.13134156167507172,-0.4827369153499603,0.1090279072523117,-0.4944348931312561,-0.1958637833595276,-0.37008988857269287,-0.1723252534866333,-0.32323023676872253,-0.0953909233212471,-0.34450119733810425,0.13326551020145416,-0.2898508310317993,-0.1596754789352417,-0.18217429518699646,-0.14495187997817993,-0.1574130356311798,-0.07662667334079742,-0.18159785866737366,0.12591411173343658,-0.09635131806135178,-0.11419790983200073,-0.008393547497689724,-0.10461821407079697,-0.010578098706901073,-0.03988487645983696,-0.044372450560331345
Nurse,0.0,0.0,-0.13537126779556274,-0.30290454626083374,-0.18483297526836395,-0.5853127241134644,-0.19738584756851196,-0.8100450038909912,-0.18262848258018494,-1.0,0.018083564937114716,-0.6476402878761292,-0.245639368891716,-0.538551390171051,-0.22790370881557465,-0.4322526752948761,-0.14774322509765625,-0.4426666498184204,0.08478546142578125,-0.470567911863327,-0.23019951581954956,-0.341980516910553,-0.17938123643398285,-0.2955993711948395,-0.09879985451698303,-0.31797006726264954,0.11004826426506042,-0.27823448181152344,-0.18779762089252472,-0.17726634442806244,-0.14349853992462158,-0.14972123503684998,-0.06824180483818054,-0.16704420745372772,0.10210489481687546,-0.09145049750804901,-0.12943217158317566,-0.020045658573508263,-0.09781461954116821,-0.022497668862342834,-0.023561574518680573,-0.047826360911130905
Nurse,0.0,0.0,-0.1375732272863388,-0.26336804032325745,-0.17136473953723907,-0.560514509677887,-0.1715218722820282,-0.7869996428489685,-0.16210468113422394,-1.0,0.05935079976916313,-0.6284986138343811,-0.2168852984905243,-0.502338171005249,-0.20329029858112335,-0.4151708483695984,-0.10330165177583694,-0.42748042941093445,0.15027718245983124,-0.4479511082172394,-0.19882430136203766,-0.2871801555156708,-0.15560023486614227,-0.2519439160823822,-0.05153127387166023,-0.2854134142398834,0.18737797439098358,-0.23449356853961945,-0.15022486448287964,-0.09534937143325806,-0.1239861398935318,-0.0778687447309494,-0.035156115889549255,-0.11339268088340759,0.18343910574913025,-0.02997373789548874,-0.09949351102113724,0.0817655399441719,-0.07977258414030075,0.08106887340545654,0.008285936899483204,0.044243987649679184
Nurse,0.0,0.0,-0.13264650106430054,-0.30859479308128357,-0.19002768397331238,-0.5897636413574219,-0.21328939497470856,-0.8127942085266113,-0.198777973651886,-1.0,0.008547539822757244,-0.6553094983100891,-0.25419971346855164,-0.5448715090751648,-0.2268701195716858,-0.4429071843624115,-0.14418959617614746,-0.45418781042099,0.0727873370051384,-0.48130133748054504,-0.23888355493545532,-0.35199475288391113,-0.18083593249320984,-0.31344661116600037,-0.09940134733915329,-0.33911368250846863,0.1006079837679863,-0.29456332325935364,-0.19592809677124023,-0.19089937210083008,-0.14498642086982727,-0.16769015789031982,-0.06775666028261185,-0.18857720494270325,0.09774547070264816,-0.10963684320449829,-0.13416892290115356,-0.03510405868291855,-0.09846647828817368,-0.03670702874660492,-0.02362346276640892,-0.0625215694308281
Nurse,0.0,0.0,-0.15380528569221497,-0.28860175609588623,-0.20114125311374664,-0.5796233415603638,-0.208892360329628,-0.8042410612106323,-0.19758865237236023,-1.0,0.0019369262736290693,-0.6833645701408386,-0.24360164999961853,-0.5680813789367676,-0.23100556433200836,-0.48127126693725586,-0.1496284008026123,-0.5040377378463745,0.06612423062324524,-0.5202809572219849,-0.22841838002204895,-0.3812219202518463,-0.18949493765830994,-0.33817508816719055,-0.10892315208911896,-0.35823190212249756,0.09516002237796783,-0.3289574384689331,-0.18847061693668365,-0.21231283247470856,-0.16060364246368408,-0.184029221534729,-0.08986072242259979,-0.20039302110671997,0.09444675594568253,-0.14165754616260529,-0.13701845705509186,-0.05188404396176338,-0.11545196175575256,-0.04681755602359772,-0.045826029032468796,-0.07073216885328293
Nurse,0.0,0.0,-0.142360121011734,-0.2825569808483124,-0.19012290239334106,-0.570216953754425,-0.20302706956863403,-0.79549640417099,-0.19099247455596924,-1.0,0.026237852871418,-0.6604980230331421,-0.2271631956100464,-0.5423988699913025,-0.2219802439212799,-0.451278954744339,-0.1350681483745575,-0.47536230087280273,0.09844392538070679,-0.4835779368877411,-0.21153861284255981,-0.3360617756843567,-0.17720411717891693,-0.2991487979888916,-0.09377601742744446,-0.3341841697692871,0.13186849653720856,-0.27857181429862976,-0.1707002818584442,-0.14855679869651794,-0.14626166224479675,-0.12707501649856567,-0.07442474365234375,-0.1545993983745575,0.13236044347286224,-0.08271188288927078,-0.11622592806816101,0.024170637130737305,-0.10067414492368698,0.020316755399107933,-0.03248628228902817,-0.014360279776155949
Nurse,0.0,0.0,-0.1390693485736847,-0.2689668834209442,-0.17841196060180664,-0.5599656105041504,-0.1869005560874939,-0.7867388129234314,-0.1782086044549942,-1.0,0.058386873453855515,-0.6266501545906067,-0.21360048651695251,-0.4963761270046234,-0.19965760409832,-0.41607487201690674,-0.1009213849902153,-0.4384198486804962,0.14387567341327667,-0.436270534992218,-0.20205305516719818,-0.2745684087276459,-0.15778520703315735,-0.25028514862060547,-0.058049991726875305,-0.2940393388271332,0.17787817120552063,-0.21672238409519196,-0.159819096326828,-0.07796287536621094,-0.13064774870872498,-0.06870630383491516,-0.04596640542149544,-0.10637945681810379,0.16984599828720093,-0.010352617129683495,-0.1082211434841156,0.10529913008213043,-0.08236059546470642,0.09549367427825928,0.004797040484845638,0.050643131136894226
Nurse,0.0,0.0,-0.14425809681415558,-0.3030778765678406,-0.19575805962085724,-0.5794464945793152,-0.2088327556848526,-0.8041993975639343,-0.18967168033123016,-1.0,0.02091221511363983,-0.6194843053817749,-0.24973571300506592,-0.5069109201431274,-0.22699624300003052,-0.41029036045074463,-0.13950271904468536,-0.43033722043037415,0.09927286952733994,-0.43206045031547546,-0.23179297149181366,-0.29523390531539917,-0.17427019774913788,-0.26718997955322266,-0.08652116358280182,-0.2996523082256317,0.13009315729141235,-0.23147551715373993,-0.1849498748779297,-0.12276694923639297,-0.13672593235969543,-0.10950689762830734,-0.05507179722189903,-0.1361020803451538,0.12358170002698898,-0.03938226401805878,-0.12271590530872345,0.04478732496500015,-0.09123818576335907,0.03321423754096031,-0.015082238242030144,0.00025491780252195895
Nurse,0.0,0.0,-0.14425809681415558,-0.3030778765678406,-0.19575805962085724,-0.5794464945793152,-0.2088327556848526,-0.8041993975639343,-0.18967168033123016,-1.0,0.02091221511363983,-0.6194843053817749,-0.24973571300506592,-0.5069109201431274,-0.22699624300003052,-0.41029036045074463,-0.13950271904468536,-0.43033722043037415,0.09927286952733994,-0.43206045031547546,-0.23179297149181366,-0.29523390531539917,-0.17427019774913788,-0.26718997955322266,-0.08652116358280182,-0.2996523082256317,0.13009315729141235,-0.23147551715373993,-0.1849498748779297,-0.12276694923639297,-0.13672593235969543,-0.10950689762830734,-0.05507179722189903,-0.1361020803451538,0.12358170002698898,-0.03938226401805878,-0.12271590530872345,0.04478732496500015,-0.09123818576335907,0.03321423754096031,-0.015082238242030144,0.00025491780252195895
Nurse,0.0,0.0,-0.14575721323490143,-0.2143220752477646,-0.18991757929325104,-0.5415905117988586,-0.18590864539146423,-0.7806298732757568,-0.17593792080879211,-1.0,0.05698785185813904,-0.5733104944229126,-0.22563037276268005,-0.459675669670105,-0.192578986287117,-0.38403499126434326,-0.09220598638057709,-0.39743754267692566,0.1794673204421997,-0.3762299716472626,-0.23592135310173035,-0.18483376502990723,-0.15339280664920807,-0.18088789284229279,-0.02641385607421398,-0.23423464596271515,0.2222708910703659,-0.13897277414798737,-0.17275145649909973,0.021074902266263962,-0.1193995326757431,0.001996824750676751,-0.010427404195070267,-0.048773929476737976,0.21193350851535797,0.08841559290885925,-0.10423469543457031,0.20724400877952576,-0.06600620597600937,0.17886683344841003,0.03883877396583557,0.12637020647525787
Nurse,0.0,0.0,-0.14575721323490143,-0.2143220752477646,-0.18991757929325104,-0.5415905117988586,-0.18590864539146423,-0.7806298732757568,-0.17593792080879211,-1.0,0.05698785185813904,-0.5733104944229126,-0.22563037276268005,-0.459675669670105,-0.192578986287117,-0.38403499126434326,-0.09220598638057709,-0.39743754267692566,0.1794673204421997,-0.3762299716472626,-0.23592135310173035,-0.18483376502990723,-0.15339280664920807,-0.18088789284229279,-0.02641385607421398,-0.23423464596271515,0.2222708910703659,-0.13897277414798737,-0.17275145649909973,0.021074902266263962,-0.1193995326757431,0.001996824750676751,-0.010427404195070267,-0.048773929476737976,0.21193350851535797,0.08841559290885925,-0.10423469543457031,0.20724400877952576,-0.06600620597600937,0.17886683344841003,0.03883877396583557,0.12637020647525787
Nurse,0.0,0.0,-0.14874187111854553,-0.3045811653137207,-0.20233836770057678,-0.5886694192886353,-0.21988517045974731,-0.8120266199111938,-0.21133533120155334,-1.0,-0.009651833213865757,-0.6750266551971436,-0.2603309452533722,-0.5665841698646545,-0.2444445788860321,-0.4699835777282715,-0.16595055162906647,-0.4911132752895355,0.058307599276304245,-0.5058484673500061,-0.23957353830337524,-0.37826699018478394,-0.19254915416240692,-0.3329097628593445,-0.11414185911417007,-0.3567405343055725,0.08900875598192215,-0.32107284665107727,-0.19908736646175385,-0.2133139967918396,-0.15811394155025482,-0.17998212575912476,-0.08461739122867584,-0.19977128505706787,0.08578098565340042,-0.13987188041210175,-0.1439231038093567,-0.05147896707057953,-0.11439148336648941,-0.045397061854600906,-0.04293709620833397,-0.07135605067014694
Nurse,0.0,0.0,-0.1433756947517395,-0.29461929202079773,-0.20588350296020508,-0.5832594633102417,-0.22491337358951569,-0.8078796863555908,-0.21284878253936768,-1.0,-0.0069698188453912735,-0.6785306930541992,-0.25446072220802307,-0.5655819773674011,-0.2273867130279541,-0.45010751485824585,-0.14958232641220093,-0.45683521032333374,0.0646766722202301,-0.5138630270957947,-0.2224961221218109,-0.37781745195388794,-0.17098325490951538,-0.3341831862926483,-0.09230595082044601,-0.35495439171791077,0.10151828080415726,-0.33187365531921387,-0.1769140660762787,-0.21506746113300323,-0.1287621110677719,-0.18242332339286804,-0.05025675147771835,-0.20922282338142395,0.10948995500802994,-0.14969220757484436,-0.10580046474933624,-0.06670581549406052,-0.07018566131591797,-0.05324779078364372,0.008632692508399487,-0.07854504883289337
Nurse,0.0,0.0,-0.133018359541893,-0.3038480281829834,-0.18407055735588074,-0.5914402008056641,-0.20871031284332275,-0.8089160323143005,-0.20137934386730194,-1.0,0.020066939294338226,-0.6576120853424072,-0.24760974943637848,-0.5449055433273315,-0.23107188940048218,-0.44509318470954895,-0.14965759217739105,-0.45958539843559265,0.08522085845470428,-0.4782644808292389,-0.22540995478630066,-0.3486616313457489,-0.17967398464679718,-0.3058765232563019,-0.1025112122297287,-0.324384868144989,0.11191193014383316,-0.28108546137809753,-0.18467402458190918,-0.1710619181394577,-0.14690397679805756,-0.1466619372367859,-0.07689876109361649,-0.16671115159988403,0.10695330053567886,-0.08890888839960098,-0.12723945081233978,-0.001643945463001728,-0.10399308800697327,-0.0049981954507529736,-0.03891261667013168,-0.033479683101177216
Nurse,0.0,0.0,-0.133018359541893,-0.3038480281829834,-0.18407055735588074,-0.5914402008056641,-0.20871031284332275,-0.8089160323143005,-0.20137934386730194,-1.0,0.020066939294338226,-0.6576120853424072,-0.24760974943637848,-0.5449055433273315,-0.23107188940048218,-0.44509318470954895,-0.14965759217739105,-0.45958539843559265,0.08522085845470428,-0.4782644808292389,-0.22540995478630066,-0.3486616313457489,-0.17967398464679718,-0.3058765232563019,-0.1025112122297287,-0.324384868144989,0.11191193014383316,-0.28108546137809753,-0.18467402458190918,-0.1710619181394577,-0.14690397679805756,-0.1466619372367859,-0.07689876109361649,-0.16671115159988403,0.10695330053567886,-0.08890888839960098,-0.12723945081233978,-0.001643945463001728,-0.10399308800697327,-0.0049981954507529736,-0.03891261667013168,-0.033479683101177216
